# engine	entry	ratio	mode	metric	value
baseline-v1	sine220	0.5	repeat	trailing_silence	0.002000
baseline-v1	sine220	0.5	repeat	spectral_delta_db	0.003260
baseline-v1	sine220	0.5	repeat	level_delta_db	0.089917
baseline-v1	sine220	0.5	repeat	sa_attack_ratio	0.329926
baseline-v1	sine220	0.5	repeat	sa_flatness_delta	0.000142
baseline-v1	sine220	0.5	repeat	sa_lufs_delta_db	0.092469
baseline-v1	sine220	0.75	repeat	trailing_silence	0.000667
baseline-v1	sine220	0.75	repeat	spectral_delta_db	0.002765
baseline-v1	sine220	0.75	repeat	level_delta_db	0.069608
baseline-v1	sine220	0.75	repeat	sa_attack_ratio	0.251679
baseline-v1	sine220	0.75	repeat	sa_flatness_delta	0.000098
baseline-v1	sine220	0.75	repeat	sa_lufs_delta_db	0.083354
baseline-v1	sine220	1.25	repeat	trailing_silence	0.000400
baseline-v1	sine220	1.25	repeat	spectral_delta_db	0.004189
baseline-v1	sine220	1.25	repeat	level_delta_db	0.071580
baseline-v1	sine220	1.25	repeat	mod_expected_db	29.745205
baseline-v1	sine220	1.25	repeat	mod_band_peak_db	38.838236
baseline-v1	sine220	1.25	repeat	mod_acf_peak	0.000000
baseline-v1	sine220	1.25	repeat	sine_sideband_db	12.282033
baseline-v1	sine220	1.25	repeat	sine_thd_db	-55.749104
baseline-v1	sine220	1.25	repeat	sa_attack_ratio	0.263956
baseline-v1	sine220	1.25	repeat	sa_flatness_delta	0.000708
baseline-v1	sine220	1.25	repeat	sa_lufs_delta_db	0.078629
baseline-v1	sine220	1.5	repeat	trailing_silence	0.000667
baseline-v1	sine220	1.5	repeat	spectral_delta_db	0.004761
baseline-v1	sine220	1.5	repeat	level_delta_db	0.045894
baseline-v1	sine220	1.5	repeat	mod_expected_db	25.594050
baseline-v1	sine220	1.5	repeat	mod_band_peak_db	33.999944
baseline-v1	sine220	1.5	repeat	mod_acf_peak	0.000000
baseline-v1	sine220	1.5	repeat	sine_sideband_db	-9.407570
baseline-v1	sine220	1.5	repeat	sine_thd_db	-75.738393
baseline-v1	sine220	1.5	repeat	sa_attack_ratio	0.211051
baseline-v1	sine220	1.5	repeat	sa_flatness_delta	0.000602
baseline-v1	sine220	1.5	repeat	sa_lufs_delta_db	0.045774
baseline-v1	sine220	2	repeat	trailing_silence	0.000500
baseline-v1	sine220	2	repeat	spectral_delta_db	0.011337
baseline-v1	sine220	2	repeat	level_delta_db	0.061131
baseline-v1	sine220	2	repeat	mod_expected_db	30.714705
baseline-v1	sine220	2	repeat	mod_band_peak_db	36.002415
baseline-v1	sine220	2	repeat	mod_acf_peak	0.000000
baseline-v1	sine220	2	repeat	sine_sideband_db	-3.063432
baseline-v1	sine220	2	repeat	sine_thd_db	-54.463357
baseline-v1	sine220	2	repeat	sa_attack_ratio	0.314562
baseline-v1	sine220	2	repeat	sa_flatness_delta	0.001141
baseline-v1	sine220	2	repeat	sa_lufs_delta_db	0.056988
baseline-v1	sine220	4	repeat	trailing_silence	0.000250
baseline-v1	sine220	4	repeat	spectral_delta_db	0.009832
baseline-v1	sine220	4	repeat	level_delta_db	0.062903
baseline-v1	sine220	4	repeat	mod_expected_db	12.974930
baseline-v1	sine220	4	repeat	mod_band_peak_db	36.544125
baseline-v1	sine220	4	repeat	mod_acf_peak	0.000000
baseline-v1	sine220	4	repeat	sine_sideband_db	-12.635158
baseline-v1	sine220	4	repeat	sine_thd_db	-68.879783
baseline-v1	sine220	4	repeat	sa_attack_ratio	0.325036
baseline-v1	sine220	4	repeat	sa_flatness_delta	0.000496
baseline-v1	sine220	4	repeat	sa_lufs_delta_db	0.062984
baseline-v1	sine220	1.5	once	trailing_silence	0.085333
baseline-v1	sine220	1.5	once	mod_expected_db	57.823428
baseline-v1	sine220	1.5	once	mod_band_peak_db	64.056305
baseline-v1	sine220	1.5	once	mod_acf_peak	0.000000
baseline-v1	sine220	1.5	once	sine_sideband_db	-18.501151
baseline-v1	sine220	1.5	once	sine_thd_db	-79.720079
baseline-v1	sine220	1.5	once	sa_attack_ratio	0.065944
baseline-v1	sine220	1.5	once	sa_flatness_delta	0.001118
baseline-v1	sine220	1.5	once	sa_lufs_delta_db	1.616036
baseline-v1	sine220	1.5	pingpong	trailing_silence	0.000667
baseline-v1	sine220	1.5	pingpong	spectral_delta_db	0.010907
baseline-v1	sine220	1.5	pingpong	level_delta_db	0.077633
baseline-v1	sine220	1.5	pingpong	mod_expected_db	29.991336
baseline-v1	sine220	1.5	pingpong	mod_band_peak_db	38.901394
baseline-v1	sine220	1.5	pingpong	mod_acf_peak	0.000000
baseline-v1	sine220	1.5	pingpong	sine_sideband_db	-5.277210
baseline-v1	sine220	1.5	pingpong	sine_thd_db	-72.917221
baseline-v1	sine220	1.5	pingpong	sa_attack_ratio	0.262214
baseline-v1	sine220	1.5	pingpong	sa_flatness_delta	0.000677
baseline-v1	sine220	1.5	pingpong	sa_lufs_delta_db	0.080657
baseline-v1	sine220	2	once	trailing_silence	0.127500
baseline-v1	sine220	2	once	mod_expected_db	37.668538
baseline-v1	sine220	2	once	mod_band_peak_db	64.013079
baseline-v1	sine220	2	once	mod_acf_peak	0.000000
baseline-v1	sine220	2	once	sine_sideband_db	-24.979446
baseline-v1	sine220	2	once	sine_thd_db	-75.454512
baseline-v1	sine220	2	once	sa_attack_ratio	0.050663
baseline-v1	sine220	2	once	sa_flatness_delta	0.001317
baseline-v1	sine220	2	once	sa_lufs_delta_db	1.942803
baseline-v1	sine220	2	pingpong	trailing_silence	0.000500
baseline-v1	sine220	2	pingpong	spectral_delta_db	0.011533
baseline-v1	sine220	2	pingpong	level_delta_db	0.052831
baseline-v1	sine220	2	pingpong	mod_expected_db	29.908855
baseline-v1	sine220	2	pingpong	mod_band_peak_db	34.487729
baseline-v1	sine220	2	pingpong	mod_acf_peak	0.000000
baseline-v1	sine220	2	pingpong	sine_sideband_db	-6.057093
baseline-v1	sine220	2	pingpong	sine_thd_db	-58.965762
baseline-v1	sine220	2	pingpong	sa_attack_ratio	0.325942
baseline-v1	sine220	2	pingpong	sa_flatness_delta	0.001100
baseline-v1	sine220	2	pingpong	sa_lufs_delta_db	0.048842
baseline-v1	sine440	0.5	repeat	trailing_silence	0.002000
baseline-v1	sine440	0.5	repeat	spectral_delta_db	0.000050
baseline-v1	sine440	0.5	repeat	level_delta_db	0.094475
baseline-v1	sine440	0.5	repeat	sa_attack_ratio	0.360261
baseline-v1	sine440	0.5	repeat	sa_flatness_delta	0.000170
baseline-v1	sine440	0.5	repeat	sa_lufs_delta_db	0.105451
baseline-v1	sine440	0.75	repeat	trailing_silence	0.000667
baseline-v1	sine440	0.75	repeat	spectral_delta_db	0.000038
baseline-v1	sine440	0.75	repeat	level_delta_db	0.070207
baseline-v1	sine440	0.75	repeat	sa_attack_ratio	0.195538
baseline-v1	sine440	0.75	repeat	sa_flatness_delta	0.000112
baseline-v1	sine440	0.75	repeat	sa_lufs_delta_db	0.084259
baseline-v1	sine440	1.25	repeat	trailing_silence	0.000400
baseline-v1	sine440	1.25	repeat	spectral_delta_db	0.000096
baseline-v1	sine440	1.25	repeat	level_delta_db	0.061871
baseline-v1	sine440	1.25	repeat	mod_expected_db	23.743468
baseline-v1	sine440	1.25	repeat	mod_band_peak_db	33.199147
baseline-v1	sine440	1.25	repeat	mod_acf_peak	0.000000
baseline-v1	sine440	1.25	repeat	sine_sideband_db	-10.467674
baseline-v1	sine440	1.25	repeat	sine_thd_db	-83.981545
baseline-v1	sine440	1.25	repeat	sa_attack_ratio	0.216587
baseline-v1	sine440	1.25	repeat	sa_flatness_delta	0.001241
baseline-v1	sine440	1.25	repeat	sa_lufs_delta_db	0.068015
baseline-v1	sine440	1.5	repeat	trailing_silence	0.000667
baseline-v1	sine440	1.5	repeat	spectral_delta_db	0.000102
baseline-v1	sine440	1.5	repeat	level_delta_db	0.081879
baseline-v1	sine440	1.5	repeat	mod_expected_db	34.166548
baseline-v1	sine440	1.5	repeat	mod_band_peak_db	38.481510
baseline-v1	sine440	1.5	repeat	mod_acf_peak	0.000000
baseline-v1	sine440	1.5	repeat	sine_sideband_db	-0.863310
baseline-v1	sine440	1.5	repeat	sine_thd_db	-71.503425
baseline-v1	sine440	1.5	repeat	sa_attack_ratio	0.208349
baseline-v1	sine440	1.5	repeat	sa_flatness_delta	0.000761
baseline-v1	sine440	1.5	repeat	sa_lufs_delta_db	0.085150
baseline-v1	sine440	2	repeat	trailing_silence	0.000500
baseline-v1	sine440	2	repeat	spectral_delta_db	0.000071
baseline-v1	sine440	2	repeat	level_delta_db	0.041373
baseline-v1	sine440	2	repeat	mod_expected_db	23.090032
baseline-v1	sine440	2	repeat	mod_band_peak_db	29.774843
baseline-v1	sine440	2	repeat	mod_acf_peak	0.000000
baseline-v1	sine440	2	repeat	sine_sideband_db	-22.329197
baseline-v1	sine440	2	repeat	sine_thd_db	-89.222843
baseline-v1	sine440	2	repeat	sa_attack_ratio	0.185614
baseline-v1	sine440	2	repeat	sa_flatness_delta	0.001656
baseline-v1	sine440	2	repeat	sa_lufs_delta_db	0.042037
baseline-v1	sine440	4	repeat	trailing_silence	0.000250
baseline-v1	sine440	4	repeat	spectral_delta_db	0.000102
baseline-v1	sine440	4	repeat	level_delta_db	0.043598
baseline-v1	sine440	4	repeat	mod_expected_db	14.424803
baseline-v1	sine440	4	repeat	mod_band_peak_db	29.896099
baseline-v1	sine440	4	repeat	mod_acf_peak	0.000000
baseline-v1	sine440	4	repeat	sine_sideband_db	-4.755161
baseline-v1	sine440	4	repeat	sine_thd_db	-71.979249
baseline-v1	sine440	4	repeat	sa_attack_ratio	0.268272
baseline-v1	sine440	4	repeat	sa_flatness_delta	0.001730
baseline-v1	sine440	4	repeat	sa_lufs_delta_db	0.043005
baseline-v1	sine440	1.5	once	trailing_silence	0.085333
baseline-v1	sine440	1.5	once	mod_expected_db	57.824362
baseline-v1	sine440	1.5	once	mod_band_peak_db	64.056706
baseline-v1	sine440	1.5	once	mod_acf_peak	0.000000
baseline-v1	sine440	1.5	once	sine_sideband_db	-17.715012
baseline-v1	sine440	1.5	once	sine_thd_db	-88.823791
baseline-v1	sine440	1.5	once	sa_attack_ratio	0.065119
baseline-v1	sine440	1.5	once	sa_flatness_delta	0.001594
baseline-v1	sine440	1.5	once	sa_lufs_delta_db	1.616923
baseline-v1	sine440	1.5	pingpong	trailing_silence	0.000667
baseline-v1	sine440	1.5	pingpong	spectral_delta_db	0.000115
baseline-v1	sine440	1.5	pingpong	level_delta_db	0.077628
baseline-v1	sine440	1.5	pingpong	mod_expected_db	25.855638
baseline-v1	sine440	1.5	pingpong	mod_band_peak_db	37.221077
baseline-v1	sine440	1.5	pingpong	mod_acf_peak	0.000000
baseline-v1	sine440	1.5	pingpong	sine_sideband_db	0.086333
baseline-v1	sine440	1.5	pingpong	sine_thd_db	-80.109072
baseline-v1	sine440	1.5	pingpong	sa_attack_ratio	0.260173
baseline-v1	sine440	1.5	pingpong	sa_flatness_delta	0.000674
baseline-v1	sine440	1.5	pingpong	sa_lufs_delta_db	0.080629
baseline-v1	sine440	2	once	trailing_silence	0.127500
baseline-v1	sine440	2	once	mod_expected_db	37.671805
baseline-v1	sine440	2	once	mod_band_peak_db	64.013024
baseline-v1	sine440	2	once	mod_acf_peak	0.000000
baseline-v1	sine440	2	once	sine_sideband_db	-25.486861
baseline-v1	sine440	2	once	sine_thd_db	-87.603038
baseline-v1	sine440	2	once	sa_attack_ratio	0.049672
baseline-v1	sine440	2	once	sa_flatness_delta	0.001797
baseline-v1	sine440	2	once	sa_lufs_delta_db	1.942696
baseline-v1	sine440	2	pingpong	trailing_silence	0.000500
baseline-v1	sine440	2	pingpong	spectral_delta_db	0.000172
baseline-v1	sine440	2	pingpong	level_delta_db	0.062667
baseline-v1	sine440	2	pingpong	mod_expected_db	28.736338
baseline-v1	sine440	2	pingpong	mod_band_peak_db	35.677299
baseline-v1	sine440	2	pingpong	mod_acf_peak	0.000000
baseline-v1	sine440	2	pingpong	sine_sideband_db	-8.152349
baseline-v1	sine440	2	pingpong	sine_thd_db	-66.954440
baseline-v1	sine440	2	pingpong	sa_attack_ratio	0.325828
baseline-v1	sine440	2	pingpong	sa_flatness_delta	0.001310
baseline-v1	sine440	2	pingpong	sa_lufs_delta_db	0.063097
baseline-v1	sine1000	0.5	repeat	trailing_silence	0.002000
baseline-v1	sine1000	0.5	repeat	spectral_delta_db	0.000002
baseline-v1	sine1000	0.5	repeat	level_delta_db	0.099346
baseline-v1	sine1000	0.5	repeat	sa_attack_ratio	0.414452
baseline-v1	sine1000	0.5	repeat	sa_flatness_delta	0.000135
baseline-v1	sine1000	0.5	repeat	sa_lufs_delta_db	0.113843
baseline-v1	sine1000	0.75	repeat	trailing_silence	0.000667
baseline-v1	sine1000	0.75	repeat	spectral_delta_db	0.000002
baseline-v1	sine1000	0.75	repeat	level_delta_db	0.062462
baseline-v1	sine1000	0.75	repeat	sa_attack_ratio	0.251396
baseline-v1	sine1000	0.75	repeat	sa_flatness_delta	0.000087
baseline-v1	sine1000	0.75	repeat	sa_lufs_delta_db	0.074207
baseline-v1	sine1000	1.25	repeat	trailing_silence	0.000400
baseline-v1	sine1000	1.25	repeat	spectral_delta_db	0.000030
baseline-v1	sine1000	1.25	repeat	level_delta_db	0.093109
baseline-v1	sine1000	1.25	repeat	mod_expected_db	32.892561
baseline-v1	sine1000	1.25	repeat	mod_band_peak_db	40.126106
baseline-v1	sine1000	1.25	repeat	mod_acf_peak	0.268033
baseline-v1	sine1000	1.25	repeat	sine_sideband_db	-5.167227
baseline-v1	sine1000	1.25	repeat	sine_thd_db	-80.035280
baseline-v1	sine1000	1.25	repeat	sa_attack_ratio	0.240432
baseline-v1	sine1000	1.25	repeat	sa_flatness_delta	0.003192
baseline-v1	sine1000	1.25	repeat	sa_lufs_delta_db	0.098520
baseline-v1	sine1000	1.5	repeat	trailing_silence	0.000667
baseline-v1	sine1000	1.5	repeat	spectral_delta_db	0.000022
baseline-v1	sine1000	1.5	repeat	level_delta_db	0.058898
baseline-v1	sine1000	1.5	repeat	mod_expected_db	19.074700
baseline-v1	sine1000	1.5	repeat	mod_band_peak_db	33.882723
baseline-v1	sine1000	1.5	repeat	mod_acf_peak	0.226163
baseline-v1	sine1000	1.5	repeat	sine_sideband_db	-2.202578
baseline-v1	sine1000	1.5	repeat	sine_thd_db	-81.172382
baseline-v1	sine1000	1.5	repeat	sa_attack_ratio	0.204501
baseline-v1	sine1000	1.5	repeat	sa_flatness_delta	0.001962
baseline-v1	sine1000	1.5	repeat	sa_lufs_delta_db	0.060049
baseline-v1	sine1000	2	repeat	trailing_silence	0.000500
baseline-v1	sine1000	2	repeat	spectral_delta_db	0.000033
baseline-v1	sine1000	2	repeat	level_delta_db	0.066679
baseline-v1	sine1000	2	repeat	mod_expected_db	31.104448
baseline-v1	sine1000	2	repeat	mod_band_peak_db	36.823574
baseline-v1	sine1000	2	repeat	mod_acf_peak	0.463667
baseline-v1	sine1000	2	repeat	sine_sideband_db	-11.967974
baseline-v1	sine1000	2	repeat	sine_thd_db	-88.053706
baseline-v1	sine1000	2	repeat	sa_attack_ratio	0.341586
baseline-v1	sine1000	2	repeat	sa_flatness_delta	0.002815
baseline-v1	sine1000	2	repeat	sa_lufs_delta_db	0.064484
baseline-v1	sine1000	4	repeat	trailing_silence	0.000250
baseline-v1	sine1000	4	repeat	spectral_delta_db	0.000030
baseline-v1	sine1000	4	repeat	level_delta_db	0.041993
baseline-v1	sine1000	4	repeat	mod_expected_db	11.119573
baseline-v1	sine1000	4	repeat	mod_band_peak_db	32.542847
baseline-v1	sine1000	4	repeat	mod_acf_peak	0.741095
baseline-v1	sine1000	4	repeat	sine_sideband_db	-13.499957
baseline-v1	sine1000	4	repeat	sine_thd_db	-84.996477
baseline-v1	sine1000	4	repeat	sa_attack_ratio	0.311592
baseline-v1	sine1000	4	repeat	sa_flatness_delta	0.003441
baseline-v1	sine1000	4	repeat	sa_lufs_delta_db	0.041285
baseline-v1	sine1000	1.5	once	trailing_silence	0.085333
baseline-v1	sine1000	1.5	once	mod_expected_db	57.821908
baseline-v1	sine1000	1.5	once	mod_band_peak_db	64.054885
baseline-v1	sine1000	1.5	once	mod_acf_peak	0.697602
baseline-v1	sine1000	1.5	once	sine_sideband_db	-6.075417
baseline-v1	sine1000	1.5	once	sine_thd_db	-91.671114
baseline-v1	sine1000	1.5	once	sa_attack_ratio	0.063218
baseline-v1	sine1000	1.5	once	sa_flatness_delta	0.001934
baseline-v1	sine1000	1.5	once	sa_lufs_delta_db	1.620414
baseline-v1	sine1000	1.5	pingpong	trailing_silence	0.000667
baseline-v1	sine1000	1.5	pingpong	spectral_delta_db	0.000029
baseline-v1	sine1000	1.5	pingpong	level_delta_db	0.068251
baseline-v1	sine1000	1.5	pingpong	mod_expected_db	26.295212
baseline-v1	sine1000	1.5	pingpong	mod_band_peak_db	35.756998
baseline-v1	sine1000	1.5	pingpong	mod_acf_peak	0.307508
baseline-v1	sine1000	1.5	pingpong	sine_sideband_db	3.425771
baseline-v1	sine1000	1.5	pingpong	sine_thd_db	-77.175010
baseline-v1	sine1000	1.5	pingpong	sa_attack_ratio	0.241331
baseline-v1	sine1000	1.5	pingpong	sa_flatness_delta	0.002858
baseline-v1	sine1000	1.5	pingpong	sa_lufs_delta_db	0.070037
baseline-v1	sine1000	2	once	trailing_silence	0.127500
baseline-v1	sine1000	2	once	mod_expected_db	37.670845
baseline-v1	sine1000	2	once	mod_band_peak_db	64.012190
baseline-v1	sine1000	2	once	mod_acf_peak	0.688531
baseline-v1	sine1000	2	once	sine_sideband_db	-25.131269
baseline-v1	sine1000	2	once	sine_thd_db	-94.240136
baseline-v1	sine1000	2	once	sa_attack_ratio	0.047724
baseline-v1	sine1000	2	once	sa_flatness_delta	0.002059
baseline-v1	sine1000	2	once	sa_lufs_delta_db	1.942813
baseline-v1	sine1000	2	pingpong	trailing_silence	0.000500
baseline-v1	sine1000	2	pingpong	spectral_delta_db	0.000041
baseline-v1	sine1000	2	pingpong	level_delta_db	0.058090
baseline-v1	sine1000	2	pingpong	mod_expected_db	26.102803
baseline-v1	sine1000	2	pingpong	mod_band_peak_db	35.840938
baseline-v1	sine1000	2	pingpong	mod_acf_peak	0.267827
baseline-v1	sine1000	2	pingpong	sine_sideband_db	-6.496417
baseline-v1	sine1000	2	pingpong	sine_thd_db	-73.737477
baseline-v1	sine1000	2	pingpong	sa_attack_ratio	0.302973
baseline-v1	sine1000	2	pingpong	sa_flatness_delta	0.003485
baseline-v1	sine1000	2	pingpong	sa_lufs_delta_db	0.062594
baseline-v1	sweep	0.5	repeat	trailing_silence	0.002000
baseline-v1	sweep	0.5	repeat	spectral_delta_db	5.562070
baseline-v1	sweep	0.5	repeat	level_delta_db	0.097346
baseline-v1	sweep	0.5	repeat	sa_attack_ratio	0.780920
baseline-v1	sweep	0.5	repeat	sa_flatness_delta	0.000132
baseline-v1	sweep	0.5	repeat	sa_lufs_delta_db	0.546817
baseline-v1	sweep	0.75	repeat	trailing_silence	0.000667
baseline-v1	sweep	0.75	repeat	spectral_delta_db	0.928984
baseline-v1	sweep	0.75	repeat	level_delta_db	0.065930
baseline-v1	sweep	0.75	repeat	sa_attack_ratio	0.464321
baseline-v1	sweep	0.75	repeat	sa_flatness_delta	0.000078
baseline-v1	sweep	0.75	repeat	sa_lufs_delta_db	0.296396
baseline-v1	sweep	1.25	repeat	trailing_silence	0.000400
baseline-v1	sweep	1.25	repeat	spectral_delta_db	0.359475
baseline-v1	sweep	1.25	repeat	level_delta_db	0.065527
baseline-v1	sweep	1.25	repeat	mod_expected_db	19.661326
baseline-v1	sweep	1.25	repeat	mod_band_peak_db	35.890744
baseline-v1	sweep	1.25	repeat	mod_acf_peak	0.304716
baseline-v1	sweep	1.25	repeat	sa_attack_ratio	0.439211
baseline-v1	sweep	1.25	repeat	sa_flatness_delta	0.001362
baseline-v1	sweep	1.25	repeat	sa_lufs_delta_db	0.097458
baseline-v1	sweep	1.5	repeat	trailing_silence	0.000667
baseline-v1	sweep	1.5	repeat	spectral_delta_db	0.509755
baseline-v1	sweep	1.5	repeat	level_delta_db	0.077012
baseline-v1	sweep	1.5	repeat	mod_expected_db	27.587026
baseline-v1	sweep	1.5	repeat	mod_band_peak_db	34.545054
baseline-v1	sweep	1.5	repeat	mod_acf_peak	0.249828
baseline-v1	sweep	1.5	repeat	sa_attack_ratio	0.401232
baseline-v1	sweep	1.5	repeat	sa_flatness_delta	0.001420
baseline-v1	sweep	1.5	repeat	sa_lufs_delta_db	0.106902
baseline-v1	sweep	2	repeat	trailing_silence	0.000500
baseline-v1	sweep	2	repeat	spectral_delta_db	0.282677
baseline-v1	sweep	2	repeat	level_delta_db	0.054293
baseline-v1	sweep	2	repeat	mod_expected_db	27.660763
baseline-v1	sweep	2	repeat	mod_band_peak_db	34.575872
baseline-v1	sweep	2	repeat	mod_acf_peak	0.261516
baseline-v1	sweep	2	repeat	sa_attack_ratio	0.464969
baseline-v1	sweep	2	repeat	sa_flatness_delta	0.002018
baseline-v1	sweep	2	repeat	sa_lufs_delta_db	0.013776
baseline-v1	sweep	4	repeat	trailing_silence	0.000250
baseline-v1	sweep	4	repeat	spectral_delta_db	0.336282
baseline-v1	sweep	4	repeat	level_delta_db	0.041826
baseline-v1	sweep	4	repeat	mod_expected_db	1.412792
baseline-v1	sweep	4	repeat	mod_band_peak_db	31.579132
baseline-v1	sweep	4	repeat	mod_acf_peak	0.421411
baseline-v1	sweep	4	repeat	sa_attack_ratio	0.386726
baseline-v1	sweep	4	repeat	sa_flatness_delta	0.001069
baseline-v1	sweep	4	repeat	sa_lufs_delta_db	0.065593
baseline-v1	sweep	1.5	once	trailing_silence	0.085333
baseline-v1	sweep	1.5	once	mod_expected_db	57.851250
baseline-v1	sweep	1.5	once	mod_band_peak_db	64.083431
baseline-v1	sweep	1.5	once	mod_acf_peak	0.604781
baseline-v1	sweep	1.5	once	sa_attack_ratio	0.406176
baseline-v1	sweep	1.5	once	sa_flatness_delta	0.004222
baseline-v1	sweep	1.5	once	sa_lufs_delta_db	1.393895
baseline-v1	sweep	1.5	pingpong	trailing_silence	0.000667
baseline-v1	sweep	1.5	pingpong	spectral_delta_db	0.725971
baseline-v1	sweep	1.5	pingpong	level_delta_db	0.036408
baseline-v1	sweep	1.5	pingpong	mod_expected_db	28.681718
baseline-v1	sweep	1.5	pingpong	mod_band_peak_db	34.480498
baseline-v1	sweep	1.5	pingpong	mod_acf_peak	0.037304
baseline-v1	sweep	1.5	pingpong	sa_attack_ratio	0.380799
baseline-v1	sweep	1.5	pingpong	sa_flatness_delta	0.001433
baseline-v1	sweep	1.5	pingpong	sa_lufs_delta_db	0.124309
baseline-v1	sweep	2	once	trailing_silence	0.127500
baseline-v1	sweep	2	once	mod_expected_db	37.662638
baseline-v1	sweep	2	once	mod_band_peak_db	64.013538
baseline-v1	sweep	2	once	mod_acf_peak	0.600620
baseline-v1	sweep	2	once	sa_attack_ratio	0.323980
baseline-v1	sweep	2	once	sa_flatness_delta	0.004111
baseline-v1	sweep	2	once	sa_lufs_delta_db	1.642958
baseline-v1	sweep	2	pingpong	trailing_silence	0.000500
baseline-v1	sweep	2	pingpong	spectral_delta_db	0.261058
baseline-v1	sweep	2	pingpong	level_delta_db	0.022701
baseline-v1	sweep	2	pingpong	mod_expected_db	22.644019
baseline-v1	sweep	2	pingpong	mod_band_peak_db	32.298710
baseline-v1	sweep	2	pingpong	mod_acf_peak	0.081264
baseline-v1	sweep	2	pingpong	sa_attack_ratio	0.533693
baseline-v1	sweep	2	pingpong	sa_flatness_delta	0.002188
baseline-v1	sweep	2	pingpong	sa_lufs_delta_db	0.099464
baseline-v1	padchord	0.5	repeat	trailing_silence	0.001000
baseline-v1	padchord	0.5	repeat	spectral_delta_db	0.014939
baseline-v1	padchord	0.5	repeat	level_delta_db	0.049154
baseline-v1	padchord	0.5	repeat	sa_attack_ratio	0.430250
baseline-v1	padchord	0.5	repeat	sa_flatness_delta	0.000032
baseline-v1	padchord	0.5	repeat	sa_lufs_delta_db	0.050162
baseline-v1	padchord	0.75	repeat	trailing_silence	0.000667
baseline-v1	padchord	0.75	repeat	spectral_delta_db	0.009725
baseline-v1	padchord	0.75	repeat	level_delta_db	0.069170
baseline-v1	padchord	0.75	repeat	sa_attack_ratio	0.324516
baseline-v1	padchord	0.75	repeat	sa_flatness_delta	0.000026
baseline-v1	padchord	0.75	repeat	sa_lufs_delta_db	0.000802
baseline-v1	padchord	1.25	repeat	trailing_silence	0.000400
baseline-v1	padchord	1.25	repeat	spectral_delta_db	0.003632
baseline-v1	padchord	1.25	repeat	level_delta_db	0.056687
baseline-v1	padchord	1.25	repeat	mod_expected_db	16.202136
baseline-v1	padchord	1.25	repeat	mod_band_peak_db	36.463497
baseline-v1	padchord	1.25	repeat	mod_acf_peak	0.000000
baseline-v1	padchord	1.25	repeat	sa_attack_ratio	0.211734
baseline-v1	padchord	1.25	repeat	sa_flatness_delta	0.000339
baseline-v1	padchord	1.25	repeat	sa_lufs_delta_db	0.187612
baseline-v1	padchord	1.5	repeat	trailing_silence	0.000333
baseline-v1	padchord	1.5	repeat	spectral_delta_db	0.006618
baseline-v1	padchord	1.5	repeat	level_delta_db	0.010296
baseline-v1	padchord	1.5	repeat	mod_expected_db	14.890254
baseline-v1	padchord	1.5	repeat	mod_band_peak_db	34.362932
baseline-v1	padchord	1.5	repeat	mod_acf_peak	0.000000
baseline-v1	padchord	1.5	repeat	sa_attack_ratio	0.206607
baseline-v1	padchord	1.5	repeat	sa_flatness_delta	0.000289
baseline-v1	padchord	1.5	repeat	sa_lufs_delta_db	0.128220
baseline-v1	padchord	2	repeat	trailing_silence	0.000250
baseline-v1	padchord	2	repeat	spectral_delta_db	0.006165
baseline-v1	padchord	2	repeat	level_delta_db	0.015897
baseline-v1	padchord	2	repeat	mod_expected_db	21.767500
baseline-v1	padchord	2	repeat	mod_band_peak_db	33.844479
baseline-v1	padchord	2	repeat	mod_acf_peak	0.000000
baseline-v1	padchord	2	repeat	sa_attack_ratio	0.160398
baseline-v1	padchord	2	repeat	sa_flatness_delta	0.000376
baseline-v1	padchord	2	repeat	sa_lufs_delta_db	0.136405
baseline-v1	padchord	4	repeat	trailing_silence	0.000125
baseline-v1	padchord	4	repeat	spectral_delta_db	0.009229
baseline-v1	padchord	4	repeat	level_delta_db	0.005231
baseline-v1	padchord	4	repeat	mod_expected_db	2.649319
baseline-v1	padchord	4	repeat	mod_band_peak_db	30.143225
baseline-v1	padchord	4	repeat	mod_acf_peak	0.000000
baseline-v1	padchord	4	repeat	sa_attack_ratio	0.209240
baseline-v1	padchord	4	repeat	sa_flatness_delta	0.000290
baseline-v1	padchord	4	repeat	sa_lufs_delta_db	0.172658
baseline-v1	padchord	1.5	once	trailing_silence	0.084500
baseline-v1	padchord	1.5	once	mod_expected_db	44.171076
baseline-v1	padchord	1.5	once	mod_band_peak_db	48.814205
baseline-v1	padchord	1.5	once	mod_acf_peak	0.000000
baseline-v1	padchord	1.5	once	sa_attack_ratio	0.351030
baseline-v1	padchord	1.5	once	sa_flatness_delta	0.000258
baseline-v1	padchord	1.5	once	sa_lufs_delta_db	1.047816
baseline-v1	padchord	1.5	pingpong	trailing_silence	0.000333
baseline-v1	padchord	1.5	pingpong	spectral_delta_db	0.002901
baseline-v1	padchord	1.5	pingpong	level_delta_db	0.028422
baseline-v1	padchord	1.5	pingpong	mod_expected_db	13.979621
baseline-v1	padchord	1.5	pingpong	mod_band_peak_db	32.752113
baseline-v1	padchord	1.5	pingpong	mod_acf_peak	0.000000
baseline-v1	padchord	1.5	pingpong	sa_attack_ratio	0.375159
baseline-v1	padchord	1.5	pingpong	sa_flatness_delta	0.000190
baseline-v1	padchord	1.5	pingpong	sa_lufs_delta_db	0.115384
baseline-v1	padchord	2	once	trailing_silence	0.126375
baseline-v1	padchord	2	once	mod_expected_db	24.084850
baseline-v1	padchord	2	once	mod_band_peak_db	49.075635
baseline-v1	padchord	2	once	mod_acf_peak	0.000000
baseline-v1	padchord	2	once	sa_attack_ratio	0.323175
baseline-v1	padchord	2	once	sa_flatness_delta	0.000449
baseline-v1	padchord	2	once	sa_lufs_delta_db	1.057493
baseline-v1	padchord	2	pingpong	trailing_silence	0.000250
baseline-v1	padchord	2	pingpong	spectral_delta_db	0.008542
baseline-v1	padchord	2	pingpong	level_delta_db	0.002499
baseline-v1	padchord	2	pingpong	mod_expected_db	26.604034
baseline-v1	padchord	2	pingpong	mod_band_peak_db	33.136972
baseline-v1	padchord	2	pingpong	mod_acf_peak	0.000000
baseline-v1	padchord	2	pingpong	sa_attack_ratio	0.267942
baseline-v1	padchord	2	pingpong	sa_flatness_delta	0.000321
baseline-v1	padchord	2	pingpong	sa_lufs_delta_db	0.163005
baseline-v1	clicks	0.5	repeat	trailing_silence	0.222000
baseline-v1	clicks	0.5	repeat	spectral_delta_db	0.306603
baseline-v1	clicks	0.5	repeat	attack_rise_ratio	1.000000
baseline-v1	clicks	0.5	repeat	attack_crest_ratio	1.105171
baseline-v1	clicks	0.5	repeat	attack_extra_peaks	0.000000
baseline-v1	clicks	0.5	repeat	sa_attack_ratio	1.940783
baseline-v1	clicks	0.5	repeat	sa_flatness_delta	0.008045
baseline-v1	clicks	0.5	repeat	sa_lufs_delta_db	1.962946
baseline-v1	clicks	0.75	repeat	trailing_silence	0.230667
baseline-v1	clicks	0.75	repeat	spectral_delta_db	0.131653
baseline-v1	clicks	0.75	repeat	attack_rise_ratio	1.000000
baseline-v1	clicks	0.75	repeat	attack_crest_ratio	1.221405
baseline-v1	clicks	0.75	repeat	attack_extra_peaks	0.000000
baseline-v1	clicks	0.75	repeat	sa_attack_ratio	1.235732
baseline-v1	clicks	0.75	repeat	sa_flatness_delta	0.001054
baseline-v1	clicks	0.75	repeat	sa_lufs_delta_db	0.347620
baseline-v1	clicks	1.25	repeat	trailing_silence	0.048800
baseline-v1	clicks	1.25	repeat	spectral_delta_db	1.074465
baseline-v1	clicks	1.25	repeat	attack_rise_ratio	1.000000
baseline-v1	clicks	1.25	repeat	attack_crest_ratio	2.162427
baseline-v1	clicks	1.25	repeat	attack_extra_peaks	0.000000
baseline-v1	clicks	1.25	repeat	sa_attack_ratio	1.375982
baseline-v1	clicks	1.25	repeat	sa_flatness_delta	0.003330
baseline-v1	clicks	1.25	repeat	sa_lufs_delta_db	0.398224
baseline-v1	clicks	1.5	repeat	trailing_silence	0.084333
baseline-v1	clicks	1.5	repeat	spectral_delta_db	2.047671
baseline-v1	clicks	1.5	repeat	attack_rise_ratio	1.000000
baseline-v1	clicks	1.5	repeat	attack_crest_ratio	2.842976
baseline-v1	clicks	1.5	repeat	attack_extra_peaks	0.000000
baseline-v1	clicks	1.5	repeat	sa_attack_ratio	1.062203
baseline-v1	clicks	1.5	repeat	sa_flatness_delta	0.001217
baseline-v1	clicks	1.5	repeat	sa_lufs_delta_db	2.067833
baseline-v1	clicks	2	repeat	trailing_silence	0.009750
baseline-v1	clicks	2	repeat	spectral_delta_db	3.111261
baseline-v1	clicks	2	repeat	attack_rise_ratio	1.000000
baseline-v1	clicks	2	repeat	attack_crest_ratio	4.458102
baseline-v1	clicks	2	repeat	attack_extra_peaks	0.000000
baseline-v1	clicks	2	repeat	sa_attack_ratio	0.776559
baseline-v1	clicks	2	repeat	sa_flatness_delta	0.002961
baseline-v1	clicks	2	repeat	sa_lufs_delta_db	4.412277
baseline-v1	clicks	4	repeat	trailing_silence	0.015500
baseline-v1	clicks	4	repeat	spectral_delta_db	4.336329
baseline-v1	clicks	4	repeat	attack_rise_ratio	1.000000
baseline-v1	clicks	4	repeat	attack_crest_ratio	6.861341
baseline-v1	clicks	4	repeat	attack_extra_peaks	0.000000
baseline-v1	clicks	4	repeat	sa_attack_ratio	0.452484
baseline-v1	clicks	4	repeat	sa_flatness_delta	0.001443
baseline-v1	clicks	4	repeat	sa_lufs_delta_db	11.401302
baseline-v1	clicks	1.5	once	trailing_silence	0.242000
baseline-v1	clicks	1.5	once	attack_rise_ratio	1.000000
baseline-v1	clicks	1.5	once	attack_crest_ratio	2.842976
baseline-v1	clicks	1.5	once	attack_extra_peaks	0.000000
baseline-v1	clicks	1.5	once	sa_attack_ratio	1.120373
baseline-v1	clicks	1.5	once	sa_flatness_delta	0.000254
baseline-v1	clicks	1.5	once	sa_lufs_delta_db	0.390713
baseline-v1	clicks	1.5	pingpong	trailing_silence	0.242000
baseline-v1	clicks	1.5	pingpong	spectral_delta_db	1.205541
baseline-v1	clicks	1.5	pingpong	attack_rise_ratio	1.000000
baseline-v1	clicks	1.5	pingpong	attack_crest_ratio	2.842976
baseline-v1	clicks	1.5	pingpong	attack_extra_peaks	0.000000
baseline-v1	clicks	1.5	pingpong	sa_attack_ratio	0.634193
baseline-v1	clicks	1.5	pingpong	sa_flatness_delta	0.004157
baseline-v1	clicks	1.5	pingpong	sa_lufs_delta_db	1.926870
baseline-v1	clicks	2	once	trailing_silence	0.245000
baseline-v1	clicks	2	once	attack_rise_ratio	1.000000
baseline-v1	clicks	2	once	attack_crest_ratio	4.458102
baseline-v1	clicks	2	once	attack_extra_peaks	0.000000
baseline-v1	clicks	2	once	sa_attack_ratio	0.731850
baseline-v1	clicks	2	once	sa_flatness_delta	0.001107
baseline-v1	clicks	2	once	sa_lufs_delta_db	2.038807
baseline-v1	clicks	2	pingpong	trailing_silence	0.009750
baseline-v1	clicks	2	pingpong	spectral_delta_db	4.577173
baseline-v1	clicks	2	pingpong	attack_rise_ratio	1.000000
baseline-v1	clicks	2	pingpong	attack_crest_ratio	4.458102
baseline-v1	clicks	2	pingpong	attack_extra_peaks	0.000000
baseline-v1	clicks	2	pingpong	sa_attack_ratio	0.791386
baseline-v1	clicks	2	pingpong	sa_flatness_delta	0.000314
baseline-v1	clicks	2	pingpong	sa_lufs_delta_db	0.383690
baseline-v1	noiseburst	0.5	repeat	trailing_silence	0.192000
baseline-v1	noiseburst	0.5	repeat	spectral_delta_db	0.082837
baseline-v1	noiseburst	0.5	repeat	attack_rise_ratio	1.000000
baseline-v1	noiseburst	0.5	repeat	attack_crest_ratio	1.012662
baseline-v1	noiseburst	0.5	repeat	attack_extra_peaks	0.750000
baseline-v1	noiseburst	0.5	repeat	sa_attack_ratio	2.174170
baseline-v1	noiseburst	0.5	repeat	sa_flatness_delta	0.155013
baseline-v1	noiseburst	0.5	repeat	sa_lufs_delta_db	1.971586
baseline-v1	noiseburst	0.75	repeat	trailing_silence	0.210667
baseline-v1	noiseburst	0.75	repeat	spectral_delta_db	0.066857
baseline-v1	noiseburst	0.75	repeat	attack_rise_ratio	1.000000
baseline-v1	noiseburst	0.75	repeat	attack_crest_ratio	1.009285
baseline-v1	noiseburst	0.75	repeat	attack_extra_peaks	0.500000
baseline-v1	noiseburst	0.75	repeat	sa_attack_ratio	1.395519
baseline-v1	noiseburst	0.75	repeat	sa_flatness_delta	0.038933
baseline-v1	noiseburst	0.75	repeat	sa_lufs_delta_db	0.347620
baseline-v1	noiseburst	1.25	repeat	trailing_silence	0.036800
baseline-v1	noiseburst	1.25	repeat	spectral_delta_db	0.743530
baseline-v1	noiseburst	1.25	repeat	attack_rise_ratio	2.000000
baseline-v1	noiseburst	1.25	repeat	attack_crest_ratio	1.225033
baseline-v1	noiseburst	1.25	repeat	attack_extra_peaks	1.000000
baseline-v1	noiseburst	1.25	repeat	sa_attack_ratio	1.477953
baseline-v1	noiseburst	1.25	repeat	sa_flatness_delta	0.082176
baseline-v1	noiseburst	1.25	repeat	sa_lufs_delta_db	1.022194
baseline-v1	noiseburst	1.5	repeat	trailing_silence	0.074333
baseline-v1	noiseburst	1.5	repeat	spectral_delta_db	0.375491
baseline-v1	noiseburst	1.5	repeat	attack_rise_ratio	3.000000
baseline-v1	noiseburst	1.5	repeat	attack_crest_ratio	1.132993
baseline-v1	noiseburst	1.5	repeat	attack_extra_peaks	0.750000
baseline-v1	noiseburst	1.5	repeat	sa_attack_ratio	1.400629
baseline-v1	noiseburst	1.5	repeat	sa_flatness_delta	0.044641
baseline-v1	noiseburst	1.5	repeat	sa_lufs_delta_db	0.955084
baseline-v1	noiseburst	2	repeat	trailing_silence	0.002250
baseline-v1	noiseburst	2	repeat	spectral_delta_db	0.161011
baseline-v1	noiseburst	2	repeat	attack_rise_ratio	4.000000
baseline-v1	noiseburst	2	repeat	attack_crest_ratio	1.145719
baseline-v1	noiseburst	2	repeat	attack_extra_peaks	0.500000
baseline-v1	noiseburst	2	repeat	sa_attack_ratio	1.612427
baseline-v1	noiseburst	2	repeat	sa_flatness_delta	0.050968
baseline-v1	noiseburst	2	repeat	sa_lufs_delta_db	0.787657
baseline-v1	noiseburst	4	repeat	trailing_silence	0.011750
baseline-v1	noiseburst	4	repeat	spectral_delta_db	0.234782
baseline-v1	noiseburst	4	repeat	attack_rise_ratio	9.000000
baseline-v1	noiseburst	4	repeat	attack_crest_ratio	1.156349
baseline-v1	noiseburst	4	repeat	attack_extra_peaks	1.250000
baseline-v1	noiseburst	4	repeat	sa_attack_ratio	1.616274
baseline-v1	noiseburst	4	repeat	sa_flatness_delta	0.035427
baseline-v1	noiseburst	4	repeat	sa_lufs_delta_db	3.367317
baseline-v1	noiseburst	1.5	once	trailing_silence	0.232000
baseline-v1	noiseburst	1.5	once	attack_rise_ratio	3.000000
baseline-v1	noiseburst	1.5	once	attack_crest_ratio	1.132993
baseline-v1	noiseburst	1.5	once	attack_extra_peaks	0.750000
baseline-v1	noiseburst	1.5	once	sa_attack_ratio	1.153097
baseline-v1	noiseburst	1.5	once	sa_flatness_delta	0.008529
baseline-v1	noiseburst	1.5	once	sa_lufs_delta_db	1.669918
baseline-v1	noiseburst	1.5	pingpong	trailing_silence	0.232000
baseline-v1	noiseburst	1.5	pingpong	spectral_delta_db	0.373692
baseline-v1	noiseburst	1.5	pingpong	attack_rise_ratio	3.000000
baseline-v1	noiseburst	1.5	pingpong	attack_crest_ratio	1.132993
baseline-v1	noiseburst	1.5	pingpong	attack_extra_peaks	0.750000
baseline-v1	noiseburst	1.5	pingpong	sa_attack_ratio	0.643866
baseline-v1	noiseburst	1.5	pingpong	sa_flatness_delta	0.063684
baseline-v1	noiseburst	1.5	pingpong	sa_lufs_delta_db	1.257746
baseline-v1	noiseburst	2	once	trailing_silence	0.237500
baseline-v1	noiseburst	2	once	attack_rise_ratio	4.000000
baseline-v1	noiseburst	2	once	attack_crest_ratio	1.145719
baseline-v1	noiseburst	2	once	attack_extra_peaks	0.500000
baseline-v1	noiseburst	2	once	sa_attack_ratio	0.987624
baseline-v1	noiseburst	2	once	sa_flatness_delta	0.044627
baseline-v1	noiseburst	2	once	sa_lufs_delta_db	2.844503
baseline-v1	noiseburst	2	pingpong	trailing_silence	0.002250
baseline-v1	noiseburst	2	pingpong	spectral_delta_db	0.242669
baseline-v1	noiseburst	2	pingpong	attack_rise_ratio	4.000000
baseline-v1	noiseburst	2	pingpong	attack_crest_ratio	1.145719
baseline-v1	noiseburst	2	pingpong	attack_extra_peaks	0.500000
baseline-v1	noiseburst	2	pingpong	sa_attack_ratio	1.147663
baseline-v1	noiseburst	2	pingpong	sa_flatness_delta	0.009679
baseline-v1	noiseburst	2	pingpong	sa_lufs_delta_db	2.183828
baseline-v1	drums-attack	0.5	repeat	trailing_silence	0.000365
baseline-v1	drums-attack	0.5	repeat	spectral_delta_db	0.916782
baseline-v1	drums-attack	0.5	repeat	attack_rise_ratio	0.956522
baseline-v1	drums-attack	0.5	repeat	attack_crest_ratio	0.997912
baseline-v1	drums-attack	0.5	repeat	attack_extra_peaks	5.500000
baseline-v1	drums-attack	0.5	repeat	sa_attack_ratio	0.860797
baseline-v1	drums-attack	0.5	repeat	sa_flatness_delta	0.029869
baseline-v1	drums-attack	0.5	repeat	sa_lufs_delta_db	0.579086
baseline-v1	drums-attack	0.75	repeat	trailing_silence	0.000729
baseline-v1	drums-attack	0.75	repeat	spectral_delta_db	0.552128
baseline-v1	drums-attack	0.75	repeat	attack_rise_ratio	0.980392
baseline-v1	drums-attack	0.75	repeat	attack_crest_ratio	0.993448
baseline-v1	drums-attack	0.75	repeat	attack_extra_peaks	5.886364
baseline-v1	drums-attack	0.75	repeat	sa_attack_ratio	0.969118
baseline-v1	drums-attack	0.75	repeat	sa_flatness_delta	0.031818
baseline-v1	drums-attack	0.75	repeat	sa_lufs_delta_db	0.271751
baseline-v1	drums-attack	1.25	repeat	trailing_silence	0.000292
baseline-v1	drums-attack	1.25	repeat	spectral_delta_db	0.460284
baseline-v1	drums-attack	1.25	repeat	attack_rise_ratio	0.921569
baseline-v1	drums-attack	1.25	repeat	attack_crest_ratio	0.988166
baseline-v1	drums-attack	1.25	repeat	attack_extra_peaks	5.954545
baseline-v1	drums-attack	1.25	repeat	sa_attack_ratio	0.944572
baseline-v1	drums-attack	1.25	repeat	sa_flatness_delta	0.028713
baseline-v1	drums-attack	1.25	repeat	sa_lufs_delta_db	0.254379
baseline-v1	drums-attack	1.5	repeat	trailing_silence	0.000243
baseline-v1	drums-attack	1.5	repeat	spectral_delta_db	0.306082
baseline-v1	drums-attack	1.5	repeat	attack_rise_ratio	1.000000
baseline-v1	drums-attack	1.5	repeat	attack_crest_ratio	0.975324
baseline-v1	drums-attack	1.5	repeat	attack_extra_peaks	5.795455
baseline-v1	drums-attack	1.5	repeat	sa_attack_ratio	1.001808
baseline-v1	drums-attack	1.5	repeat	sa_flatness_delta	0.028567
baseline-v1	drums-attack	1.5	repeat	sa_lufs_delta_db	0.159065
baseline-v1	drums-attack	2	repeat	trailing_silence	0.000091
baseline-v1	drums-attack	2	repeat	spectral_delta_db	0.354584
baseline-v1	drums-attack	2	repeat	attack_rise_ratio	0.811594
baseline-v1	drums-attack	2	repeat	attack_crest_ratio	0.976073
baseline-v1	drums-attack	2	repeat	attack_extra_peaks	5.545455
baseline-v1	drums-attack	2	repeat	sa_attack_ratio	0.941224
baseline-v1	drums-attack	2	repeat	sa_flatness_delta	0.028693
baseline-v1	drums-attack	2	repeat	sa_lufs_delta_db	0.171862
baseline-v1	drums-attack	4	repeat	trailing_silence	0.000046
baseline-v1	drums-attack	4	repeat	spectral_delta_db	0.365450
baseline-v1	drums-attack	4	repeat	attack_rise_ratio	0.686275
baseline-v1	drums-attack	4	repeat	attack_crest_ratio	0.961826
baseline-v1	drums-attack	4	repeat	attack_extra_peaks	5.750000
baseline-v1	drums-attack	4	repeat	sa_attack_ratio	0.931950
baseline-v1	drums-attack	4	repeat	sa_flatness_delta	0.027109
baseline-v1	drums-attack	4	repeat	sa_lufs_delta_db	0.102995
baseline-v1	drums-attack	1.5	once	trailing_silence	0.005104
baseline-v1	drums-attack	1.5	once	attack_rise_ratio	1.000000
baseline-v1	drums-attack	1.5	once	attack_crest_ratio	0.975324
baseline-v1	drums-attack	1.5	once	attack_extra_peaks	5.045455
baseline-v1	drums-attack	1.5	once	sa_attack_ratio	0.884445
baseline-v1	drums-attack	1.5	once	sa_flatness_delta	0.040512
baseline-v1	drums-attack	1.5	once	sa_lufs_delta_db	1.491121
baseline-v1	drums-attack	1.5	pingpong	trailing_silence	0.000243
baseline-v1	drums-attack	1.5	pingpong	spectral_delta_db	0.328084
baseline-v1	drums-attack	1.5	pingpong	attack_rise_ratio	0.862745
baseline-v1	drums-attack	1.5	pingpong	attack_crest_ratio	0.975324
baseline-v1	drums-attack	1.5	pingpong	attack_extra_peaks	5.772727
baseline-v1	drums-attack	1.5	pingpong	sa_attack_ratio	0.805333
baseline-v1	drums-attack	1.5	pingpong	sa_flatness_delta	0.030205
baseline-v1	drums-attack	1.5	pingpong	sa_lufs_delta_db	0.134712
baseline-v1	drums-attack	2	once	trailing_silence	0.007200
baseline-v1	drums-attack	2	once	attack_rise_ratio	1.000000
baseline-v1	drums-attack	2	once	attack_crest_ratio	0.973678
baseline-v1	drums-attack	2	once	attack_extra_peaks	4.886364
baseline-v1	drums-attack	2	once	sa_attack_ratio	0.724919
baseline-v1	drums-attack	2	once	sa_flatness_delta	0.063192
baseline-v1	drums-attack	2	once	sa_lufs_delta_db	2.847033
baseline-v1	drums-attack	2	pingpong	trailing_silence	0.000091
baseline-v1	drums-attack	2	pingpong	spectral_delta_db	0.369961
baseline-v1	drums-attack	2	pingpong	attack_rise_ratio	0.811594
baseline-v1	drums-attack	2	pingpong	attack_crest_ratio	0.976073
baseline-v1	drums-attack	2	pingpong	attack_extra_peaks	5.568182
baseline-v1	drums-attack	2	pingpong	sa_attack_ratio	0.784557
baseline-v1	drums-attack	2	pingpong	sa_flatness_delta	0.034636
baseline-v1	drums-attack	2	pingpong	sa_lufs_delta_db	0.046217
baseline-v1	drums-top	0.5	repeat	trailing_silence	0.000000
baseline-v1	drums-top	0.5	repeat	spectral_delta_db	0.909381
baseline-v1	drums-top	0.5	repeat	attack_rise_ratio	1.000000
baseline-v1	drums-top	0.5	repeat	attack_crest_ratio	1.077608
baseline-v1	drums-top	0.5	repeat	attack_extra_peaks	3.833333
baseline-v1	drums-top	0.5	repeat	sa_attack_ratio	1.168122
baseline-v1	drums-top	0.5	repeat	sa_flatness_delta	0.002167
baseline-v1	drums-top	0.5	repeat	sa_lufs_delta_db	2.450888
baseline-v1	drums-top	0.75	repeat	trailing_silence	0.000711
baseline-v1	drums-top	0.75	repeat	spectral_delta_db	0.460253
baseline-v1	drums-top	0.75	repeat	attack_rise_ratio	1.000000
baseline-v1	drums-top	0.75	repeat	attack_crest_ratio	1.055584
baseline-v1	drums-top	0.75	repeat	attack_extra_peaks	4.555556
baseline-v1	drums-top	0.75	repeat	sa_attack_ratio	1.076772
baseline-v1	drums-top	0.75	repeat	sa_flatness_delta	0.011863
baseline-v1	drums-top	0.75	repeat	sa_lufs_delta_db	1.075966
baseline-v1	drums-top	1.25	repeat	trailing_silence	0.000427
baseline-v1	drums-top	1.25	repeat	spectral_delta_db	0.664273
baseline-v1	drums-top	1.25	repeat	attack_rise_ratio	1.000000
baseline-v1	drums-top	1.25	repeat	attack_crest_ratio	1.086707
baseline-v1	drums-top	1.25	repeat	attack_extra_peaks	4.888889
baseline-v1	drums-top	1.25	repeat	sa_attack_ratio	0.902763
baseline-v1	drums-top	1.25	repeat	sa_flatness_delta	0.007073
baseline-v1	drums-top	1.25	repeat	sa_lufs_delta_db	1.210798
baseline-v1	drums-top	1.5	repeat	trailing_silence	0.000178
baseline-v1	drums-top	1.5	repeat	spectral_delta_db	0.790839
baseline-v1	drums-top	1.5	repeat	attack_rise_ratio	1.000000
baseline-v1	drums-top	1.5	repeat	attack_crest_ratio	1.099857
baseline-v1	drums-top	1.5	repeat	attack_extra_peaks	4.944444
baseline-v1	drums-top	1.5	repeat	sa_attack_ratio	0.728392
baseline-v1	drums-top	1.5	repeat	sa_flatness_delta	0.008617
baseline-v1	drums-top	1.5	repeat	sa_lufs_delta_db	0.464058
baseline-v1	drums-top	2	repeat	trailing_silence	0.000133
baseline-v1	drums-top	2	repeat	spectral_delta_db	0.980989
baseline-v1	drums-top	2	repeat	attack_rise_ratio	1.133333
baseline-v1	drums-top	2	repeat	attack_crest_ratio	1.094081
baseline-v1	drums-top	2	repeat	attack_extra_peaks	4.944444
baseline-v1	drums-top	2	repeat	sa_attack_ratio	0.814926
baseline-v1	drums-top	2	repeat	sa_flatness_delta	0.008690
baseline-v1	drums-top	2	repeat	sa_lufs_delta_db	0.508898
baseline-v1	drums-top	4	repeat	trailing_silence	0.000133
baseline-v1	drums-top	4	repeat	spectral_delta_db	1.068419
baseline-v1	drums-top	4	repeat	attack_rise_ratio	1.266667
baseline-v1	drums-top	4	repeat	attack_crest_ratio	1.157767
baseline-v1	drums-top	4	repeat	attack_extra_peaks	4.833333
baseline-v1	drums-top	4	repeat	sa_attack_ratio	0.705861
baseline-v1	drums-top	4	repeat	sa_flatness_delta	0.009771
baseline-v1	drums-top	4	repeat	sa_lufs_delta_db	0.504118
baseline-v1	drums-top	1.5	once	trailing_silence	0.021156
baseline-v1	drums-top	1.5	once	attack_rise_ratio	0.954545
baseline-v1	drums-top	1.5	once	attack_crest_ratio	1.099857
baseline-v1	drums-top	1.5	once	attack_extra_peaks	4.888889
baseline-v1	drums-top	1.5	once	sa_attack_ratio	0.964252
baseline-v1	drums-top	1.5	once	sa_flatness_delta	0.027122
baseline-v1	drums-top	1.5	once	sa_lufs_delta_db	0.976543
baseline-v1	drums-top	1.5	pingpong	trailing_silence	0.000178
baseline-v1	drums-top	1.5	pingpong	spectral_delta_db	1.122970
baseline-v1	drums-top	1.5	pingpong	attack_rise_ratio	1.333333
baseline-v1	drums-top	1.5	pingpong	attack_crest_ratio	1.099857
baseline-v1	drums-top	1.5	pingpong	attack_extra_peaks	4.944444
baseline-v1	drums-top	1.5	pingpong	sa_attack_ratio	0.715631
baseline-v1	drums-top	1.5	pingpong	sa_flatness_delta	0.009415
baseline-v1	drums-top	1.5	pingpong	sa_lufs_delta_db	1.628296
baseline-v1	drums-top	2	once	trailing_silence	0.031333
baseline-v1	drums-top	2	once	attack_rise_ratio	1.000000
baseline-v1	drums-top	2	once	attack_crest_ratio	1.094054
baseline-v1	drums-top	2	once	attack_extra_peaks	4.611111
baseline-v1	drums-top	2	once	sa_attack_ratio	0.762936
baseline-v1	drums-top	2	once	sa_flatness_delta	0.084830
baseline-v1	drums-top	2	once	sa_lufs_delta_db	2.273497
baseline-v1	drums-top	2	pingpong	trailing_silence	0.000133
baseline-v1	drums-top	2	pingpong	spectral_delta_db	0.935045
baseline-v1	drums-top	2	pingpong	attack_rise_ratio	1.133333
baseline-v1	drums-top	2	pingpong	attack_crest_ratio	1.094081
baseline-v1	drums-top	2	pingpong	attack_extra_peaks	4.944444
baseline-v1	drums-top	2	pingpong	sa_attack_ratio	0.585007
baseline-v1	drums-top	2	pingpong	sa_flatness_delta	0.005704
baseline-v1	drums-top	2	pingpong	sa_lufs_delta_db	0.794067
baseline-v1	pad-derelict	0.5	repeat	trailing_silence	0.000521
baseline-v1	pad-derelict	0.5	repeat	spectral_delta_db	2.147368
baseline-v1	pad-derelict	0.5	repeat	level_delta_db	0.682951
baseline-v1	pad-derelict	0.5	repeat	sa_attack_ratio	1.465952
baseline-v1	pad-derelict	0.5	repeat	sa_flatness_delta	0.000132
baseline-v1	pad-derelict	0.5	repeat	sa_lufs_delta_db	0.639967
baseline-v1	pad-derelict	0.75	repeat	trailing_silence	0.000347
baseline-v1	pad-derelict	0.75	repeat	spectral_delta_db	1.993464
baseline-v1	pad-derelict	0.75	repeat	level_delta_db	0.117746
baseline-v1	pad-derelict	0.75	repeat	sa_attack_ratio	1.150960
baseline-v1	pad-derelict	0.75	repeat	sa_flatness_delta	0.000212
baseline-v1	pad-derelict	0.75	repeat	sa_lufs_delta_db	0.141970
baseline-v1	pad-derelict	1.25	repeat	trailing_silence	0.000208
baseline-v1	pad-derelict	1.25	repeat	spectral_delta_db	1.777455
baseline-v1	pad-derelict	1.25	repeat	level_delta_db	0.193240
baseline-v1	pad-derelict	1.25	repeat	mod_expected_db	4.845393
baseline-v1	pad-derelict	1.25	repeat	mod_band_peak_db	43.406768
baseline-v1	pad-derelict	1.25	repeat	mod_acf_peak	0.000000
baseline-v1	pad-derelict	1.25	repeat	sa_attack_ratio	1.114305
baseline-v1	pad-derelict	1.25	repeat	sa_flatness_delta	0.001784
baseline-v1	pad-derelict	1.25	repeat	sa_lufs_delta_db	0.077978
baseline-v1	pad-derelict	1.5	repeat	trailing_silence	0.000174
baseline-v1	pad-derelict	1.5	repeat	spectral_delta_db	1.807133
baseline-v1	pad-derelict	1.5	repeat	level_delta_db	0.023343
baseline-v1	pad-derelict	1.5	repeat	mod_expected_db	15.149412
baseline-v1	pad-derelict	1.5	repeat	mod_band_peak_db	29.588301
baseline-v1	pad-derelict	1.5	repeat	mod_acf_peak	0.000000
baseline-v1	pad-derelict	1.5	repeat	sa_attack_ratio	1.153878
baseline-v1	pad-derelict	1.5	repeat	sa_flatness_delta	0.001382
baseline-v1	pad-derelict	1.5	repeat	sa_lufs_delta_db	0.130377
baseline-v1	pad-derelict	2	repeat	trailing_silence	0.000130
baseline-v1	pad-derelict	2	repeat	spectral_delta_db	1.766768
baseline-v1	pad-derelict	2	repeat	level_delta_db	0.007039
baseline-v1	pad-derelict	2	repeat	mod_expected_db	9.316596
baseline-v1	pad-derelict	2	repeat	mod_band_peak_db	38.942612
baseline-v1	pad-derelict	2	repeat	mod_acf_peak	0.000000
baseline-v1	pad-derelict	2	repeat	sa_attack_ratio	1.067655
baseline-v1	pad-derelict	2	repeat	sa_flatness_delta	0.002362
baseline-v1	pad-derelict	2	repeat	sa_lufs_delta_db	0.237078
baseline-v1	pad-derelict	4	repeat	trailing_silence	0.000065
baseline-v1	pad-derelict	4	repeat	spectral_delta_db	1.784638
baseline-v1	pad-derelict	4	repeat	level_delta_db	0.048696
baseline-v1	pad-derelict	4	repeat	mod_expected_db	10.505761
baseline-v1	pad-derelict	4	repeat	mod_band_peak_db	33.791588
baseline-v1	pad-derelict	4	repeat	mod_acf_peak	0.000000
baseline-v1	pad-derelict	4	repeat	sa_attack_ratio	0.707949
baseline-v1	pad-derelict	4	repeat	sa_flatness_delta	0.002436
baseline-v1	pad-derelict	4	repeat	sa_lufs_delta_db	0.377672
baseline-v1	pad-derelict	1.5	once	trailing_silence	0.003472
baseline-v1	pad-derelict	1.5	once	mod_expected_db	15.226821
baseline-v1	pad-derelict	1.5	once	mod_band_peak_db	50.353869
baseline-v1	pad-derelict	1.5	once	mod_acf_peak	0.000000
baseline-v1	pad-derelict	1.5	once	sa_attack_ratio	1.064298
baseline-v1	pad-derelict	1.5	once	sa_flatness_delta	0.001496
baseline-v1	pad-derelict	1.5	once	sa_lufs_delta_db	1.366713
baseline-v1	pad-derelict	1.5	pingpong	trailing_silence	0.000174
baseline-v1	pad-derelict	1.5	pingpong	spectral_delta_db	1.774250
baseline-v1	pad-derelict	1.5	pingpong	level_delta_db	0.042754
baseline-v1	pad-derelict	1.5	pingpong	mod_expected_db	2.776175
baseline-v1	pad-derelict	1.5	pingpong	mod_band_peak_db	38.925004
baseline-v1	pad-derelict	1.5	pingpong	mod_acf_peak	0.000000
baseline-v1	pad-derelict	1.5	pingpong	sa_attack_ratio	0.875742
baseline-v1	pad-derelict	1.5	pingpong	sa_flatness_delta	0.000918
baseline-v1	pad-derelict	1.5	pingpong	sa_lufs_delta_db	0.205250
baseline-v1	pad-derelict	2	once	trailing_silence	0.005013
baseline-v1	pad-derelict	2	once	mod_expected_db	-19.653752
baseline-v1	pad-derelict	2	once	mod_band_peak_db	54.397085
baseline-v1	pad-derelict	2	once	mod_acf_peak	0.000000
baseline-v1	pad-derelict	2	once	sa_attack_ratio	1.156515
baseline-v1	pad-derelict	2	once	sa_flatness_delta	0.002390
baseline-v1	pad-derelict	2	once	sa_lufs_delta_db	2.604368
baseline-v1	pad-derelict	2	pingpong	trailing_silence	0.000130
baseline-v1	pad-derelict	2	pingpong	spectral_delta_db	1.910519
baseline-v1	pad-derelict	2	pingpong	level_delta_db	0.108356
baseline-v1	pad-derelict	2	pingpong	mod_expected_db	7.787306
baseline-v1	pad-derelict	2	pingpong	mod_band_peak_db	47.131673
baseline-v1	pad-derelict	2	pingpong	mod_acf_peak	0.000000
baseline-v1	pad-derelict	2	pingpong	sa_attack_ratio	0.889165
baseline-v1	pad-derelict	2	pingpong	sa_flatness_delta	0.001746
baseline-v1	pad-derelict	2	pingpong	sa_lufs_delta_db	0.471462
baseline-v1	pad-borealis	0.5	repeat	trailing_silence	0.000354
baseline-v1	pad-borealis	0.5	repeat	spectral_delta_db	0.177338
baseline-v1	pad-borealis	0.5	repeat	level_delta_db	0.574687
baseline-v1	pad-borealis	0.5	repeat	sa_attack_ratio	1.158503
baseline-v1	pad-borealis	0.5	repeat	sa_flatness_delta	0.010363
baseline-v1	pad-borealis	0.5	repeat	sa_lufs_delta_db	0.376728
baseline-v1	pad-borealis	0.75	repeat	trailing_silence	0.000118
baseline-v1	pad-borealis	0.75	repeat	spectral_delta_db	0.136079
baseline-v1	pad-borealis	0.75	repeat	level_delta_db	0.386143
baseline-v1	pad-borealis	0.75	repeat	sa_attack_ratio	1.112302
baseline-v1	pad-borealis	0.75	repeat	sa_flatness_delta	0.010426
baseline-v1	pad-borealis	0.75	repeat	sa_lufs_delta_db	0.185295
baseline-v1	pad-borealis	1.25	repeat	trailing_silence	0.000000
baseline-v1	pad-borealis	1.25	repeat	spectral_delta_db	0.161757
baseline-v1	pad-borealis	1.25	repeat	level_delta_db	0.346372
baseline-v1	pad-borealis	1.25	repeat	mod_expected_db	-7.660551
baseline-v1	pad-borealis	1.25	repeat	mod_band_peak_db	28.644506
baseline-v1	pad-borealis	1.25	repeat	mod_acf_peak	0.000000
baseline-v1	pad-borealis	1.25	repeat	sa_attack_ratio	0.927498
baseline-v1	pad-borealis	1.25	repeat	sa_flatness_delta	0.016291
baseline-v1	pad-borealis	1.25	repeat	sa_lufs_delta_db	0.171818
baseline-v1	pad-borealis	1.5	repeat	trailing_silence	0.000177
baseline-v1	pad-borealis	1.5	repeat	spectral_delta_db	0.149475
baseline-v1	pad-borealis	1.5	repeat	level_delta_db	0.295717
baseline-v1	pad-borealis	1.5	repeat	mod_expected_db	2.615123
baseline-v1	pad-borealis	1.5	repeat	mod_band_peak_db	29.510676
baseline-v1	pad-borealis	1.5	repeat	mod_acf_peak	0.000000
baseline-v1	pad-borealis	1.5	repeat	sa_attack_ratio	0.982249
baseline-v1	pad-borealis	1.5	repeat	sa_flatness_delta	0.015726
baseline-v1	pad-borealis	1.5	repeat	sa_lufs_delta_db	0.123524
baseline-v1	pad-borealis	2	repeat	trailing_silence	0.000089
baseline-v1	pad-borealis	2	repeat	spectral_delta_db	0.162346
baseline-v1	pad-borealis	2	repeat	level_delta_db	0.298161
baseline-v1	pad-borealis	2	repeat	mod_expected_db	4.927816
baseline-v1	pad-borealis	2	repeat	mod_band_peak_db	19.108077
baseline-v1	pad-borealis	2	repeat	mod_acf_peak	0.082108
baseline-v1	pad-borealis	2	repeat	sa_attack_ratio	0.861576
baseline-v1	pad-borealis	2	repeat	sa_flatness_delta	0.017610
baseline-v1	pad-borealis	2	repeat	sa_lufs_delta_db	0.132610
baseline-v1	pad-borealis	4	repeat	trailing_silence	0.002413
baseline-v1	pad-borealis	4	repeat	spectral_delta_db	0.135011
baseline-v1	pad-borealis	4	repeat	level_delta_db	0.277525
baseline-v1	pad-borealis	4	repeat	mod_expected_db	10.096522
baseline-v1	pad-borealis	4	repeat	mod_band_peak_db	20.208382
baseline-v1	pad-borealis	4	repeat	mod_acf_peak	0.299865
baseline-v1	pad-borealis	4	repeat	sa_attack_ratio	0.753572
baseline-v1	pad-borealis	4	repeat	sa_flatness_delta	0.021021
baseline-v1	pad-borealis	4	repeat	sa_lufs_delta_db	0.109306
baseline-v1	pad-borealis	1.5	once	trailing_silence	0.001240
baseline-v1	pad-borealis	1.5	once	mod_expected_db	26.877286
baseline-v1	pad-borealis	1.5	once	mod_band_peak_db	38.639123
baseline-v1	pad-borealis	1.5	once	mod_acf_peak	0.658204
baseline-v1	pad-borealis	1.5	once	sa_attack_ratio	1.187337
baseline-v1	pad-borealis	1.5	once	sa_flatness_delta	0.010680
baseline-v1	pad-borealis	1.5	once	sa_lufs_delta_db	1.403343
baseline-v1	pad-borealis	1.5	pingpong	trailing_silence	0.000177
baseline-v1	pad-borealis	1.5	pingpong	spectral_delta_db	0.152594
baseline-v1	pad-borealis	1.5	pingpong	level_delta_db	0.205895
baseline-v1	pad-borealis	1.5	pingpong	mod_expected_db	3.470480
baseline-v1	pad-borealis	1.5	pingpong	mod_band_peak_db	31.861126
baseline-v1	pad-borealis	1.5	pingpong	mod_acf_peak	0.000000
baseline-v1	pad-borealis	1.5	pingpong	sa_attack_ratio	0.923218
baseline-v1	pad-borealis	1.5	pingpong	sa_flatness_delta	0.015777
baseline-v1	pad-borealis	1.5	pingpong	sa_lufs_delta_db	0.043844
baseline-v1	pad-borealis	2	once	trailing_silence	0.001638
baseline-v1	pad-borealis	2	once	mod_expected_db	10.078682
baseline-v1	pad-borealis	2	once	mod_band_peak_db	33.580194
baseline-v1	pad-borealis	2	once	mod_acf_peak	0.665682
baseline-v1	pad-borealis	2	once	sa_attack_ratio	0.775352
baseline-v1	pad-borealis	2	once	sa_flatness_delta	0.010164
baseline-v1	pad-borealis	2	once	sa_lufs_delta_db	2.763559
baseline-v1	pad-borealis	2	pingpong	trailing_silence	0.000089
baseline-v1	pad-borealis	2	pingpong	spectral_delta_db	0.160875
baseline-v1	pad-borealis	2	pingpong	level_delta_db	0.174236
baseline-v1	pad-borealis	2	pingpong	mod_expected_db	-5.892292
baseline-v1	pad-borealis	2	pingpong	mod_band_peak_db	29.552593
baseline-v1	pad-borealis	2	pingpong	mod_acf_peak	0.000000
baseline-v1	pad-borealis	2	pingpong	sa_attack_ratio	0.869220
baseline-v1	pad-borealis	2	pingpong	sa_flatness_delta	0.017833
baseline-v1	pad-borealis	2	pingpong	sa_lufs_delta_db	0.014444
baseline-v1	pad-drone	0.5	repeat	trailing_silence	0.000281
baseline-v1	pad-drone	0.5	repeat	spectral_delta_db	0.950692
baseline-v1	pad-drone	0.5	repeat	level_delta_db	0.470290
baseline-v1	pad-drone	0.5	repeat	sa_attack_ratio	0.856087
baseline-v1	pad-drone	0.5	repeat	sa_flatness_delta	0.000710
baseline-v1	pad-drone	0.5	repeat	sa_lufs_delta_db	0.395704
baseline-v1	pad-drone	0.75	repeat	trailing_silence	0.000281
baseline-v1	pad-drone	0.75	repeat	spectral_delta_db	0.947332
baseline-v1	pad-drone	0.75	repeat	level_delta_db	0.353138
baseline-v1	pad-drone	0.75	repeat	sa_attack_ratio	0.751445
baseline-v1	pad-drone	0.75	repeat	sa_flatness_delta	0.000712
baseline-v1	pad-drone	0.75	repeat	sa_lufs_delta_db	0.287918
baseline-v1	pad-drone	1.25	repeat	trailing_silence	0.000112
baseline-v1	pad-drone	1.25	repeat	spectral_delta_db	1.080226
baseline-v1	pad-drone	1.25	repeat	level_delta_db	0.297584
baseline-v1	pad-drone	1.25	repeat	mod_expected_db	4.106743
baseline-v1	pad-drone	1.25	repeat	mod_band_peak_db	29.563186
baseline-v1	pad-drone	1.25	repeat	mod_acf_peak	0.000000
baseline-v1	pad-drone	1.25	repeat	sa_attack_ratio	0.976798
baseline-v1	pad-drone	1.25	repeat	sa_flatness_delta	0.001027
baseline-v1	pad-drone	1.25	repeat	sa_lufs_delta_db	0.242895
baseline-v1	pad-drone	1.5	repeat	trailing_silence	0.000141
baseline-v1	pad-drone	1.5	repeat	spectral_delta_db	0.995076
baseline-v1	pad-drone	1.5	repeat	level_delta_db	0.274753
baseline-v1	pad-drone	1.5	repeat	mod_expected_db	7.270855
baseline-v1	pad-drone	1.5	repeat	mod_band_peak_db	28.118714
baseline-v1	pad-drone	1.5	repeat	mod_acf_peak	0.000000
baseline-v1	pad-drone	1.5	repeat	sa_attack_ratio	0.894173
baseline-v1	pad-drone	1.5	repeat	sa_flatness_delta	0.000730
baseline-v1	pad-drone	1.5	repeat	sa_lufs_delta_db	0.224482
baseline-v1	pad-drone	2	repeat	trailing_silence	0.000070
baseline-v1	pad-drone	2	repeat	spectral_delta_db	1.012973
baseline-v1	pad-drone	2	repeat	level_delta_db	0.244226
baseline-v1	pad-drone	2	repeat	mod_expected_db	4.068110
baseline-v1	pad-drone	2	repeat	mod_band_peak_db	22.051418
baseline-v1	pad-drone	2	repeat	mod_acf_peak	0.000000
baseline-v1	pad-drone	2	repeat	sa_attack_ratio	0.942273
baseline-v1	pad-drone	2	repeat	sa_flatness_delta	0.001307
baseline-v1	pad-drone	2	repeat	sa_lufs_delta_db	0.203442
baseline-v1	pad-drone	4	repeat	trailing_silence	0.000018
baseline-v1	pad-drone	4	repeat	spectral_delta_db	1.034013
baseline-v1	pad-drone	4	repeat	level_delta_db	0.223645
baseline-v1	pad-drone	4	repeat	mod_expected_db	-2.752799
baseline-v1	pad-drone	4	repeat	mod_band_peak_db	22.157123
baseline-v1	pad-drone	4	repeat	mod_acf_peak	0.068366
baseline-v1	pad-drone	4	repeat	sa_attack_ratio	0.940817
baseline-v1	pad-drone	4	repeat	sa_flatness_delta	0.001750
baseline-v1	pad-drone	4	repeat	sa_lufs_delta_db	0.190485
baseline-v1	pad-drone	1.5	once	trailing_silence	0.002859
baseline-v1	pad-drone	1.5	once	mod_expected_db	25.854632
baseline-v1	pad-drone	1.5	once	mod_band_peak_db	33.674956
baseline-v1	pad-drone	1.5	once	mod_acf_peak	0.498740
baseline-v1	pad-drone	1.5	once	sa_attack_ratio	0.973603
baseline-v1	pad-drone	1.5	once	sa_flatness_delta	0.000208
baseline-v1	pad-drone	1.5	once	sa_lufs_delta_db	1.489256
baseline-v1	pad-drone	1.5	pingpong	trailing_silence	0.000141
baseline-v1	pad-drone	1.5	pingpong	spectral_delta_db	0.979151
baseline-v1	pad-drone	1.5	pingpong	level_delta_db	0.157629
baseline-v1	pad-drone	1.5	pingpong	mod_expected_db	0.978346
baseline-v1	pad-drone	1.5	pingpong	mod_band_peak_db	22.099061
baseline-v1	pad-drone	1.5	pingpong	mod_acf_peak	0.000000
baseline-v1	pad-drone	1.5	pingpong	sa_attack_ratio	0.851841
baseline-v1	pad-drone	1.5	pingpong	sa_flatness_delta	0.000662
baseline-v1	pad-drone	1.5	pingpong	sa_lufs_delta_db	0.111872
baseline-v1	pad-drone	2	once	trailing_silence	0.004113
baseline-v1	pad-drone	2	once	mod_expected_db	-4.894618
baseline-v1	pad-drone	2	once	mod_band_peak_db	25.605260
baseline-v1	pad-drone	2	once	mod_acf_peak	0.510821
baseline-v1	pad-drone	2	once	sa_attack_ratio	0.878861
baseline-v1	pad-drone	2	once	sa_flatness_delta	0.002579
baseline-v1	pad-drone	2	once	sa_lufs_delta_db	2.852875
baseline-v1	pad-drone	2	pingpong	trailing_silence	0.000070
baseline-v1	pad-drone	2	pingpong	spectral_delta_db	1.089092
baseline-v1	pad-drone	2	pingpong	level_delta_db	0.112895
baseline-v1	pad-drone	2	pingpong	mod_expected_db	3.425912
baseline-v1	pad-drone	2	pingpong	mod_band_peak_db	21.228378
baseline-v1	pad-drone	2	pingpong	mod_acf_peak	0.000000
baseline-v1	pad-drone	2	pingpong	sa_attack_ratio	0.815280
baseline-v1	pad-drone	2	pingpong	sa_flatness_delta	0.001275
baseline-v1	pad-drone	2	pingpong	sa_lufs_delta_db	0.071592
baseline-v1	guitar-chords	0.5	repeat	trailing_silence	0.000208
baseline-v1	guitar-chords	0.5	repeat	spectral_delta_db	0.144913
baseline-v1	guitar-chords	0.5	repeat	level_delta_db	0.318726
baseline-v1	guitar-chords	0.5	repeat	attack_rise_ratio	0.921053
baseline-v1	guitar-chords	0.5	repeat	attack_crest_ratio	1.024473
baseline-v1	guitar-chords	0.5	repeat	attack_extra_peaks	7.080000
baseline-v1	guitar-chords	0.5	repeat	sa_attack_ratio	1.810311
baseline-v1	guitar-chords	0.5	repeat	sa_flatness_delta	0.015066
baseline-v1	guitar-chords	0.5	repeat	sa_lufs_delta_db	0.410097
baseline-v1	guitar-chords	0.75	repeat	trailing_silence	0.000139
baseline-v1	guitar-chords	0.75	repeat	spectral_delta_db	0.147593
baseline-v1	guitar-chords	0.75	repeat	level_delta_db	0.241779
baseline-v1	guitar-chords	0.75	repeat	attack_rise_ratio	0.971429
baseline-v1	guitar-chords	0.75	repeat	attack_crest_ratio	0.985273
baseline-v1	guitar-chords	0.75	repeat	attack_extra_peaks	7.544000
baseline-v1	guitar-chords	0.75	repeat	sa_attack_ratio	1.317633
baseline-v1	guitar-chords	0.75	repeat	sa_flatness_delta	0.015671
baseline-v1	guitar-chords	0.75	repeat	sa_lufs_delta_db	0.226576
baseline-v1	guitar-chords	1.25	repeat	trailing_silence	0.000083
baseline-v1	guitar-chords	1.25	repeat	spectral_delta_db	0.126681
baseline-v1	guitar-chords	1.25	repeat	level_delta_db	0.244516
baseline-v1	guitar-chords	1.25	repeat	mod_expected_db	-3.223663
baseline-v1	guitar-chords	1.25	repeat	mod_band_peak_db	24.837113
baseline-v1	guitar-chords	1.25	repeat	mod_acf_peak	0.000000
baseline-v1	guitar-chords	1.25	repeat	attack_rise_ratio	0.857143
baseline-v1	guitar-chords	1.25	repeat	attack_crest_ratio	0.998571
baseline-v1	guitar-chords	1.25	repeat	attack_extra_peaks	7.440000
baseline-v1	guitar-chords	1.25	repeat	sa_attack_ratio	1.022532
baseline-v1	guitar-chords	1.25	repeat	sa_flatness_delta	0.013403
baseline-v1	guitar-chords	1.25	repeat	sa_lufs_delta_db	0.097530
baseline-v1	guitar-chords	1.5	repeat	trailing_silence	0.000069
baseline-v1	guitar-chords	1.5	repeat	spectral_delta_db	0.164348
baseline-v1	guitar-chords	1.5	repeat	level_delta_db	0.264074
baseline-v1	guitar-chords	1.5	repeat	mod_expected_db	4.627705
baseline-v1	guitar-chords	1.5	repeat	mod_band_peak_db	26.407499
baseline-v1	guitar-chords	1.5	repeat	mod_acf_peak	0.000000
baseline-v1	guitar-chords	1.5	repeat	attack_rise_ratio	0.914286
baseline-v1	guitar-chords	1.5	repeat	attack_crest_ratio	0.993838
baseline-v1	guitar-chords	1.5	repeat	attack_extra_peaks	7.616000
baseline-v1	guitar-chords	1.5	repeat	sa_attack_ratio	0.826382
baseline-v1	guitar-chords	1.5	repeat	sa_flatness_delta	0.014061
baseline-v1	guitar-chords	1.5	repeat	sa_lufs_delta_db	0.110523
baseline-v1	guitar-chords	2	repeat	trailing_silence	0.000052
baseline-v1	guitar-chords	2	repeat	spectral_delta_db	0.152464
baseline-v1	guitar-chords	2	repeat	level_delta_db	0.272979
baseline-v1	guitar-chords	2	repeat	mod_expected_db	-5.156465
baseline-v1	guitar-chords	2	repeat	mod_band_peak_db	25.465000
baseline-v1	guitar-chords	2	repeat	mod_acf_peak	0.000000
baseline-v1	guitar-chords	2	repeat	attack_rise_ratio	0.833333
baseline-v1	guitar-chords	2	repeat	attack_crest_ratio	1.001290
baseline-v1	guitar-chords	2	repeat	attack_extra_peaks	7.688000
baseline-v1	guitar-chords	2	repeat	sa_attack_ratio	0.851043
baseline-v1	guitar-chords	2	repeat	sa_flatness_delta	0.012525
baseline-v1	guitar-chords	2	repeat	sa_lufs_delta_db	0.045370
baseline-v1	guitar-chords	4	repeat	trailing_silence	0.000026
baseline-v1	guitar-chords	4	repeat	spectral_delta_db	0.198739
baseline-v1	guitar-chords	4	repeat	level_delta_db	0.282991
baseline-v1	guitar-chords	4	repeat	mod_expected_db	1.442421
baseline-v1	guitar-chords	4	repeat	mod_band_peak_db	20.054820
baseline-v1	guitar-chords	4	repeat	mod_acf_peak	0.000000
baseline-v1	guitar-chords	4	repeat	attack_rise_ratio	0.902439
baseline-v1	guitar-chords	4	repeat	attack_crest_ratio	1.003833
baseline-v1	guitar-chords	4	repeat	attack_extra_peaks	7.568000
baseline-v1	guitar-chords	4	repeat	sa_attack_ratio	0.855140
baseline-v1	guitar-chords	4	repeat	sa_flatness_delta	0.012902
baseline-v1	guitar-chords	4	repeat	sa_lufs_delta_db	0.005907
baseline-v1	guitar-chords	1.5	once	trailing_silence	0.004653
baseline-v1	guitar-chords	1.5	once	mod_expected_db	14.910020
baseline-v1	guitar-chords	1.5	once	mod_band_peak_db	33.044453
baseline-v1	guitar-chords	1.5	once	mod_acf_peak	0.049426
baseline-v1	guitar-chords	1.5	once	attack_rise_ratio	1.047619
baseline-v1	guitar-chords	1.5	once	attack_crest_ratio	0.969741
baseline-v1	guitar-chords	1.5	once	attack_extra_peaks	7.016000
baseline-v1	guitar-chords	1.5	once	sa_attack_ratio	1.164935
baseline-v1	guitar-chords	1.5	once	sa_flatness_delta	0.017324
baseline-v1	guitar-chords	1.5	once	sa_lufs_delta_db	1.482443
baseline-v1	guitar-chords	1.5	pingpong	trailing_silence	0.000069
baseline-v1	guitar-chords	1.5	pingpong	spectral_delta_db	0.147714
baseline-v1	guitar-chords	1.5	pingpong	level_delta_db	0.242777
baseline-v1	guitar-chords	1.5	pingpong	mod_expected_db	1.951526
baseline-v1	guitar-chords	1.5	pingpong	mod_band_peak_db	20.924956
baseline-v1	guitar-chords	1.5	pingpong	mod_acf_peak	0.000000
baseline-v1	guitar-chords	1.5	pingpong	attack_rise_ratio	0.814815
baseline-v1	guitar-chords	1.5	pingpong	attack_crest_ratio	1.000922
baseline-v1	guitar-chords	1.5	pingpong	attack_extra_peaks	7.536000
baseline-v1	guitar-chords	1.5	pingpong	sa_attack_ratio	0.957235
baseline-v1	guitar-chords	1.5	pingpong	sa_flatness_delta	0.012588
baseline-v1	guitar-chords	1.5	pingpong	sa_lufs_delta_db	0.020731
baseline-v1	guitar-chords	2	once	trailing_silence	0.006901
baseline-v1	guitar-chords	2	once	mod_expected_db	7.887717
baseline-v1	guitar-chords	2	once	mod_band_peak_db	30.198636
baseline-v1	guitar-chords	2	once	mod_acf_peak	0.122268
baseline-v1	guitar-chords	2	once	attack_rise_ratio	1.133333
baseline-v1	guitar-chords	2	once	attack_crest_ratio	0.978029
baseline-v1	guitar-chords	2	once	attack_extra_peaks	7.040000
baseline-v1	guitar-chords	2	once	sa_attack_ratio	0.991633
baseline-v1	guitar-chords	2	once	sa_flatness_delta	0.025384
baseline-v1	guitar-chords	2	once	sa_lufs_delta_db	2.770674
baseline-v1	guitar-chords	2	pingpong	trailing_silence	0.000052
baseline-v1	guitar-chords	2	pingpong	spectral_delta_db	0.149847
baseline-v1	guitar-chords	2	pingpong	level_delta_db	0.144715
baseline-v1	guitar-chords	2	pingpong	mod_expected_db	-0.745932
baseline-v1	guitar-chords	2	pingpong	mod_band_peak_db	23.952049
baseline-v1	guitar-chords	2	pingpong	mod_acf_peak	0.000000
baseline-v1	guitar-chords	2	pingpong	attack_rise_ratio	0.833333
baseline-v1	guitar-chords	2	pingpong	attack_crest_ratio	1.001290
baseline-v1	guitar-chords	2	pingpong	attack_extra_peaks	7.688000
baseline-v1	guitar-chords	2	pingpong	sa_attack_ratio	0.962096
baseline-v1	guitar-chords	2	pingpong	sa_flatness_delta	0.013641
baseline-v1	guitar-chords	2	pingpong	sa_lufs_delta_db	0.112528
baseline-v1	dub-chords	0.5	repeat	trailing_silence	0.000521
baseline-v1	dub-chords	0.5	repeat	spectral_delta_db	0.230531
baseline-v1	dub-chords	0.5	repeat	level_delta_db	0.254675
baseline-v1	dub-chords	0.5	repeat	attack_rise_ratio	0.700000
baseline-v1	dub-chords	0.5	repeat	attack_crest_ratio	1.022963
baseline-v1	dub-chords	0.5	repeat	attack_extra_peaks	6.736842
baseline-v1	dub-chords	0.5	repeat	sa_attack_ratio	1.311338
baseline-v1	dub-chords	0.5	repeat	sa_flatness_delta	0.000387
baseline-v1	dub-chords	0.5	repeat	sa_lufs_delta_db	1.723368
baseline-v1	dub-chords	0.75	repeat	trailing_silence	0.000347
baseline-v1	dub-chords	0.75	repeat	spectral_delta_db	0.118830
baseline-v1	dub-chords	0.75	repeat	level_delta_db	0.144896
baseline-v1	dub-chords	0.75	repeat	attack_rise_ratio	0.980000
baseline-v1	dub-chords	0.75	repeat	attack_crest_ratio	0.997408
baseline-v1	dub-chords	0.75	repeat	attack_extra_peaks	7.000000
baseline-v1	dub-chords	0.75	repeat	sa_attack_ratio	1.606856
baseline-v1	dub-chords	0.75	repeat	sa_flatness_delta	0.000258
baseline-v1	dub-chords	0.75	repeat	sa_lufs_delta_db	0.695635
baseline-v1	dub-chords	1.25	repeat	trailing_silence	0.000208
baseline-v1	dub-chords	1.25	repeat	spectral_delta_db	0.054465
baseline-v1	dub-chords	1.25	repeat	level_delta_db	0.140092
baseline-v1	dub-chords	1.25	repeat	mod_expected_db	3.602804
baseline-v1	dub-chords	1.25	repeat	mod_band_peak_db	27.155050
baseline-v1	dub-chords	1.25	repeat	mod_acf_peak	0.000000
baseline-v1	dub-chords	1.25	repeat	attack_rise_ratio	1.000000
baseline-v1	dub-chords	1.25	repeat	attack_crest_ratio	1.020342
baseline-v1	dub-chords	1.25	repeat	attack_extra_peaks	7.000000
baseline-v1	dub-chords	1.25	repeat	sa_attack_ratio	1.595185
baseline-v1	dub-chords	1.25	repeat	sa_flatness_delta	0.000787
baseline-v1	dub-chords	1.25	repeat	sa_lufs_delta_db	0.712194
baseline-v1	dub-chords	1.5	repeat	trailing_silence	0.000174
baseline-v1	dub-chords	1.5	repeat	spectral_delta_db	0.109341
baseline-v1	dub-chords	1.5	repeat	level_delta_db	0.120340
baseline-v1	dub-chords	1.5	repeat	mod_expected_db	-2.263169
baseline-v1	dub-chords	1.5	repeat	mod_band_peak_db	27.957492
baseline-v1	dub-chords	1.5	repeat	mod_acf_peak	0.000000
baseline-v1	dub-chords	1.5	repeat	attack_rise_ratio	1.300000
baseline-v1	dub-chords	1.5	repeat	attack_crest_ratio	1.014190
baseline-v1	dub-chords	1.5	repeat	attack_extra_peaks	6.842105
baseline-v1	dub-chords	1.5	repeat	sa_attack_ratio	1.631743
baseline-v1	dub-chords	1.5	repeat	sa_flatness_delta	0.000506
baseline-v1	dub-chords	1.5	repeat	sa_lufs_delta_db	0.387228
baseline-v1	dub-chords	2	repeat	trailing_silence	0.000130
baseline-v1	dub-chords	2	repeat	spectral_delta_db	0.187440
baseline-v1	dub-chords	2	repeat	level_delta_db	0.152611
baseline-v1	dub-chords	2	repeat	mod_expected_db	2.511461
baseline-v1	dub-chords	2	repeat	mod_band_peak_db	23.216941
baseline-v1	dub-chords	2	repeat	mod_acf_peak	0.000000
baseline-v1	dub-chords	2	repeat	attack_rise_ratio	1.080000
baseline-v1	dub-chords	2	repeat	attack_crest_ratio	1.013502
baseline-v1	dub-chords	2	repeat	attack_extra_peaks	7.052632
baseline-v1	dub-chords	2	repeat	sa_attack_ratio	1.968408
baseline-v1	dub-chords	2	repeat	sa_flatness_delta	0.001309
baseline-v1	dub-chords	2	repeat	sa_lufs_delta_db	0.183235
baseline-v1	dub-chords	4	repeat	trailing_silence	0.000065
baseline-v1	dub-chords	4	repeat	spectral_delta_db	0.212162
baseline-v1	dub-chords	4	repeat	level_delta_db	0.135270
baseline-v1	dub-chords	4	repeat	mod_expected_db	-10.582793
baseline-v1	dub-chords	4	repeat	mod_band_peak_db	22.187892
baseline-v1	dub-chords	4	repeat	mod_acf_peak	0.042236
baseline-v1	dub-chords	4	repeat	attack_rise_ratio	1.100000
baseline-v1	dub-chords	4	repeat	attack_crest_ratio	1.000844
baseline-v1	dub-chords	4	repeat	attack_extra_peaks	6.684211
baseline-v1	dub-chords	4	repeat	sa_attack_ratio	1.755433
baseline-v1	dub-chords	4	repeat	sa_flatness_delta	0.001448
baseline-v1	dub-chords	4	repeat	sa_lufs_delta_db	0.412464
baseline-v1	dub-chords	1.5	once	trailing_silence	0.122049
baseline-v1	dub-chords	1.5	once	mod_expected_db	8.596587
baseline-v1	dub-chords	1.5	once	mod_band_peak_db	42.097014
baseline-v1	dub-chords	1.5	once	mod_acf_peak	0.205415
baseline-v1	dub-chords	1.5	once	attack_rise_ratio	1.812500
baseline-v1	dub-chords	1.5	once	attack_crest_ratio	0.983530
baseline-v1	dub-chords	1.5	once	attack_extra_peaks	6.315789
baseline-v1	dub-chords	1.5	once	sa_attack_ratio	1.077783
baseline-v1	dub-chords	1.5	once	sa_flatness_delta	0.000366
baseline-v1	dub-chords	1.5	once	sa_lufs_delta_db	1.333042
baseline-v1	dub-chords	1.5	pingpong	trailing_silence	0.000174
baseline-v1	dub-chords	1.5	pingpong	spectral_delta_db	0.121125
baseline-v1	dub-chords	1.5	pingpong	level_delta_db	0.243996
baseline-v1	dub-chords	1.5	pingpong	mod_expected_db	-3.368498
baseline-v1	dub-chords	1.5	pingpong	mod_band_peak_db	21.143580
baseline-v1	dub-chords	1.5	pingpong	mod_acf_peak	0.000000
baseline-v1	dub-chords	1.5	pingpong	attack_rise_ratio	0.640000
baseline-v1	dub-chords	1.5	pingpong	attack_crest_ratio	0.992244
baseline-v1	dub-chords	1.5	pingpong	attack_extra_peaks	6.842105
baseline-v1	dub-chords	1.5	pingpong	sa_attack_ratio	1.465605
baseline-v1	dub-chords	1.5	pingpong	sa_flatness_delta	0.000879
baseline-v1	dub-chords	1.5	pingpong	sa_lufs_delta_db	0.585051
baseline-v1	dub-chords	2	once	trailing_silence	0.182747
baseline-v1	dub-chords	2	once	mod_expected_db	2.726481
baseline-v1	dub-chords	2	once	mod_band_peak_db	23.340935
baseline-v1	dub-chords	2	once	mod_acf_peak	0.280768
baseline-v1	dub-chords	2	once	attack_rise_ratio	1.880000
baseline-v1	dub-chords	2	once	attack_crest_ratio	0.996769
baseline-v1	dub-chords	2	once	attack_extra_peaks	6.578947
baseline-v1	dub-chords	2	once	sa_attack_ratio	0.936506
baseline-v1	dub-chords	2	once	sa_flatness_delta	0.000566
baseline-v1	dub-chords	2	once	sa_lufs_delta_db	2.269712
baseline-v1	dub-chords	2	pingpong	trailing_silence	0.000130
baseline-v1	dub-chords	2	pingpong	spectral_delta_db	0.165121
baseline-v1	dub-chords	2	pingpong	level_delta_db	0.090429
baseline-v1	dub-chords	2	pingpong	mod_expected_db	-0.886034
baseline-v1	dub-chords	2	pingpong	mod_band_peak_db	23.614387
baseline-v1	dub-chords	2	pingpong	mod_acf_peak	0.000000
baseline-v1	dub-chords	2	pingpong	attack_rise_ratio	1.080000
baseline-v1	dub-chords	2	pingpong	attack_crest_ratio	1.013502
baseline-v1	dub-chords	2	pingpong	attack_extra_peaks	7.052632
baseline-v1	dub-chords	2	pingpong	sa_attack_ratio	1.687515
baseline-v1	dub-chords	2	pingpong	sa_flatness_delta	0.001019
baseline-v1	dub-chords	2	pingpong	sa_lufs_delta_db	0.572580
baseline-v1	story	0.5	repeat	trailing_silence	0.000518
baseline-v1	story	0.5	repeat	spectral_delta_db	0.919774
baseline-v1	story	0.5	repeat	attack_rise_ratio	0.815789
baseline-v1	story	0.5	repeat	attack_crest_ratio	1.038391
baseline-v1	story	0.5	repeat	attack_extra_peaks	6.044444
baseline-v1	story	0.5	repeat	sa_attack_ratio	1.275748
baseline-v1	story	0.5	repeat	sa_flatness_delta	0.024269
baseline-v1	story	0.5	repeat	sa_lufs_delta_db	0.097906
baseline-v1	story	0.75	repeat	trailing_silence	0.030591
baseline-v1	story	0.75	repeat	spectral_delta_db	0.602009
baseline-v1	story	0.75	repeat	attack_rise_ratio	0.933333
baseline-v1	story	0.75	repeat	attack_crest_ratio	1.002049
baseline-v1	story	0.75	repeat	attack_extra_peaks	6.311111
baseline-v1	story	0.75	repeat	sa_attack_ratio	1.107691
baseline-v1	story	0.75	repeat	sa_flatness_delta	0.010400
baseline-v1	story	0.75	repeat	sa_lufs_delta_db	0.061712
baseline-v1	story	1.25	repeat	trailing_silence	0.000000
baseline-v1	story	1.25	repeat	spectral_delta_db	0.580595
baseline-v1	story	1.25	repeat	mod_expected_db	-2.904983
baseline-v1	story	1.25	repeat	mod_band_peak_db	28.251743
baseline-v1	story	1.25	repeat	mod_acf_peak	0.000000
baseline-v1	story	1.25	repeat	attack_rise_ratio	0.837838
baseline-v1	story	1.25	repeat	attack_crest_ratio	1.039888
baseline-v1	story	1.25	repeat	attack_extra_peaks	6.444444
baseline-v1	story	1.25	repeat	sa_attack_ratio	1.081490
baseline-v1	story	1.25	repeat	sa_flatness_delta	0.005628
baseline-v1	story	1.25	repeat	sa_lufs_delta_db	0.020452
baseline-v1	story	1.5	repeat	trailing_silence	0.000173
baseline-v1	story	1.5	repeat	spectral_delta_db	0.477610
baseline-v1	story	1.5	repeat	mod_expected_db	-8.723579
baseline-v1	story	1.5	repeat	mod_band_peak_db	27.668101
baseline-v1	story	1.5	repeat	mod_acf_peak	0.000000
baseline-v1	story	1.5	repeat	attack_rise_ratio	0.833333
baseline-v1	story	1.5	repeat	attack_crest_ratio	1.043097
baseline-v1	story	1.5	repeat	attack_extra_peaks	6.466667
baseline-v1	story	1.5	repeat	sa_attack_ratio	1.066415
baseline-v1	story	1.5	repeat	sa_flatness_delta	0.004269
baseline-v1	story	1.5	repeat	sa_lufs_delta_db	0.156576
baseline-v1	story	2	repeat	trailing_silence	0.000130
baseline-v1	story	2	repeat	spectral_delta_db	0.514109
baseline-v1	story	2	repeat	mod_expected_db	0.161448
baseline-v1	story	2	repeat	mod_band_peak_db	22.130927
baseline-v1	story	2	repeat	mod_acf_peak	0.000000
baseline-v1	story	2	repeat	attack_rise_ratio	0.789474
baseline-v1	story	2	repeat	attack_crest_ratio	1.043786
baseline-v1	story	2	repeat	attack_extra_peaks	6.488889
baseline-v1	story	2	repeat	sa_attack_ratio	1.106562
baseline-v1	story	2	repeat	sa_flatness_delta	0.002301
baseline-v1	story	2	repeat	sa_lufs_delta_db	0.040947
baseline-v1	story	4	repeat	trailing_silence	0.000065
baseline-v1	story	4	repeat	spectral_delta_db	0.457122
baseline-v1	story	4	repeat	mod_expected_db	-9.420353
baseline-v1	story	4	repeat	mod_band_peak_db	22.509293
baseline-v1	story	4	repeat	mod_acf_peak	0.000000
baseline-v1	story	4	repeat	attack_rise_ratio	0.736842
baseline-v1	story	4	repeat	attack_crest_ratio	1.026919
baseline-v1	story	4	repeat	attack_extra_peaks	6.422222
baseline-v1	story	4	repeat	sa_attack_ratio	0.983286
baseline-v1	story	4	repeat	sa_flatness_delta	0.003751
baseline-v1	story	4	repeat	sa_lufs_delta_db	0.082819
baseline-v1	story	1.5	once	trailing_silence	0.085724
baseline-v1	story	1.5	once	mod_expected_db	4.046375
baseline-v1	story	1.5	once	mod_band_peak_db	28.414754
baseline-v1	story	1.5	once	mod_acf_peak	0.000000
baseline-v1	story	1.5	once	attack_rise_ratio	0.937500
baseline-v1	story	1.5	once	attack_crest_ratio	1.012790
baseline-v1	story	1.5	once	attack_extra_peaks	6.200000
baseline-v1	story	1.5	once	sa_attack_ratio	0.932705
baseline-v1	story	1.5	once	sa_flatness_delta	0.020733
baseline-v1	story	1.5	once	sa_lufs_delta_db	1.335852
baseline-v1	story	1.5	pingpong	trailing_silence	0.000086
baseline-v1	story	1.5	pingpong	spectral_delta_db	0.415868
baseline-v1	story	1.5	pingpong	mod_expected_db	-9.999494
baseline-v1	story	1.5	pingpong	mod_band_peak_db	30.856052
baseline-v1	story	1.5	pingpong	mod_acf_peak	0.000000
baseline-v1	story	1.5	pingpong	attack_rise_ratio	0.750000
baseline-v1	story	1.5	pingpong	attack_crest_ratio	1.053112
baseline-v1	story	1.5	pingpong	attack_extra_peaks	6.000000
baseline-v1	story	1.5	pingpong	sa_attack_ratio	0.898945
baseline-v1	story	1.5	pingpong	sa_flatness_delta	0.007560
baseline-v1	story	1.5	pingpong	sa_lufs_delta_db	0.150572
baseline-v1	story	2	once	trailing_silence	0.099423
baseline-v1	story	2	once	mod_expected_db	-1.807595
baseline-v1	story	2	once	mod_band_peak_db	31.969669
baseline-v1	story	2	once	mod_acf_peak	0.063980
baseline-v1	story	2	once	attack_rise_ratio	0.937500
baseline-v1	story	2	once	attack_crest_ratio	1.015266
baseline-v1	story	2	once	attack_extra_peaks	6.288889
baseline-v1	story	2	once	sa_attack_ratio	0.816817
baseline-v1	story	2	once	sa_flatness_delta	0.040826
baseline-v1	story	2	once	sa_lufs_delta_db	2.658998
baseline-v1	story	2	pingpong	trailing_silence	0.000130
baseline-v1	story	2	pingpong	spectral_delta_db	0.530225
baseline-v1	story	2	pingpong	mod_expected_db	-4.674450
baseline-v1	story	2	pingpong	mod_band_peak_db	20.048918
baseline-v1	story	2	pingpong	mod_acf_peak	0.000000
baseline-v1	story	2	pingpong	attack_rise_ratio	0.789474
baseline-v1	story	2	pingpong	attack_crest_ratio	1.043786
baseline-v1	story	2	pingpong	attack_extra_peaks	6.488889
baseline-v1	story	2	pingpong	sa_attack_ratio	0.868244
baseline-v1	story	2	pingpong	sa_flatness_delta	0.001672
baseline-v1	story	2	pingpong	sa_lufs_delta_db	0.203737
